year,week,observed_rows,filled_rows,longest_synthetic_streak_seconds,status
2015,1,349200,255600,255600,skipped_quality
2015,2,604800,0,0,saved
2015,3,604800,0,0,saved
2015,4,604800,0,0,saved
2015,5,604786,14,14,saved
2015,6,604787,13,13,saved
2015,7,604800,0,0,saved
2015,8,604800,0,0,saved
2015,9,604800,0,0,saved
2015,10,604800,0,0,saved
2015,11,604800,0,0,saved
2015,12,604755,45,45,saved
2015,13,601200,3600,3600,skipped_quality
2015,14,604800,0,0,saved
2015,15,604800,0,0,saved
2015,16,604800,0,0,saved
2015,17,604800,0,0,saved
2015,18,604800,0,0,saved
2015,19,601539,3261,1995,skipped_quality
2015,20,602561,2239,24,saved
2015,21,604800,0,0,saved
2015,22,604800,0,0,saved
2015,23,604800,0,0,saved
2015,24,603644,1156,581,saved
2015,25,604210,590,572,saved
2015,26,604800,0,0,saved
2015,27,602843,1957,766,saved
2015,28,602884,1916,576,saved
2015,29,604800,0,0,saved
2015,30,604366,434,434,saved
2015,31,604800,0,0,saved
2015,32,602038,2762,575,saved
2015,33,604800,0,0,saved
2015,34,604800,0,0,saved
2015,35,604634,166,83,saved
2015,36,604800,0,0,saved
2015,37,604800,0,0,saved
2015,38,604800,0,0,saved
2015,39,604800,0,0,saved
2015,40,604687,113,83,saved
2015,41,604238,562,562,saved
2015,42,597939,6861,5807,skipped_quality
2015,43,604796,3604,3600,skipped_quality
2015,44,604800,0,0,saved
2015,45,604800,0,0,saved
2015,46,604800,0,0,saved
2015,47,604800,0,0,saved
2015,48,604800,0,0,saved
2015,49,604800,0,0,saved
2015,50,604800,0,0,saved
2015,51,601435,3365,556,saved
2015,52,604508,292,11,saved
2015,53,604740,60,10,saved
2016,1,604707,93,21,saved
2016,2,604118,682,97,saved
2016,3,604235,565,11,saved
2016,4,604148,652,11,saved
2016,5,604313,487,11,saved
2016,6,604394,406,11,saved
2016,7,604363,437,11,saved
2016,8,604276,524,23,saved
2016,9,604283,517,11,saved
2016,10,603977,823,11,saved
2016,11,604103,697,11,saved
2016,12,600622,4178,3600,skipped_quality
2016,13,604417,383,11,saved
2016,14,604702,98,83,saved
2016,15,604456,344,222,saved
2016,16,604777,23,12,saved
2016,17,604800,0,0,saved
2016,18,604800,0,0,saved
2016,19,604557,243,225,saved
2016,20,604574,226,11,saved
2016,21,604562,238,11,saved
2016,22,604336,464,103,saved
2016,23,530616,74184,73955,skipped_quality
2016,24,604208,592,225,saved
2016,25,604660,140,12,saved
2016,26,506934,97866,97229,skipped_quality
2016,27,604689,111,11,saved
2016,28,604477,323,240,saved
2016,29,604768,32,4,saved
2016,30,604678,122,14,saved
2016,31,604696,104,14,saved
2016,32,604641,159,11,saved
2016,33,604755,45,8,saved
2016,34,604629,171,12,saved
2016,35,604796,4,4,saved
2016,36,604775,25,11,saved
2016,37,604549,251,251,saved
2016,38,604795,5,4,saved
2016,39,604800,0,0,saved
2016,40,604796,4,4,saved
2016,41,604557,243,232,saved
2016,42,604800,0,0,saved
2016,43,604800,3600,3600,skipped_quality
2016,44,604790,10,3,saved
2016,45,604410,390,247,saved
2016,46,604432,368,14,saved
2016,47,604152,648,14,saved
2016,48,604263,537,14,saved
2016,49,603806,994,16,saved
2016,50,603822,978,240,saved
2016,51,604509,291,11,saved
2016,52,604204,596,11,saved
2017,1,604468,332,13,saved
2017,2,604691,109,13,saved
2017,3,604563,237,11,saved
2017,4,604568,232,12,saved
2017,5,604632,168,14,saved
2017,6,604412,388,11,saved
2017,7,604648,152,11,saved
2017,8,603509,1291,739,saved
2017,9,604605,195,11,saved
2017,10,604264,536,12,saved
2017,11,603610,1190,643,saved
2017,12,600218,4582,3600,skipped_quality
2017,13,604259,541,12,saved
2017,14,604432,368,11,saved
2017,15,604187,613,232,saved
2017,16,604595,205,11,saved
2017,17,604432,368,11,saved
2017,18,604311,489,12,saved
2017,19,604183,617,182,saved
2017,20,604236,564,12,saved
2017,21,604269,531,12,saved
2017,22,604438,362,11,saved
2017,23,604397,403,33,saved
2017,24,604220,580,117,saved
2017,25,604360,440,12,saved
2017,26,604161,639,11,saved
2017,27,604155,645,22,saved
2017,28,604558,242,11,saved
2017,29,604563,237,12,saved
2017,30,604354,446,12,saved
2017,31,147967,456833,94499,skipped_quality
2017,32,570142,34658,25283,skipped_quality
2017,33,603426,1374,126,saved
2017,34,604426,374,12,saved
2017,35,604302,498,14,saved
2017,36,604600,200,12,saved
2017,37,604089,711,183,saved
2017,38,604381,419,12,saved
2017,39,514200,90600,90000,skipped_quality
2017,44,435409,169391,169200,skipped_quality
2017,45,604529,271,11,saved
2017,46,604406,394,120,saved
2017,47,604528,272,11,saved
2017,48,604560,240,14,saved
2017,49,603896,904,12,saved
2017,50,604522,278,126,saved
2017,51,604410,390,16,saved
2017,52,604236,564,16,saved
2018,1,604241,559,12,saved
2018,2,604327,473,203,saved
2018,3,604668,132,11,saved
2018,4,604388,412,39,saved
2018,5,604157,643,12,saved
2018,6,604632,168,7,saved
2018,7,603895,905,186,saved
2018,8,604583,217,11,saved
2018,9,604104,696,11,saved
2018,10,604714,86,11,saved
2018,11,603909,891,283,saved
2018,12,600604,4196,3600,skipped_quality
2018,13,604507,293,11,saved
2018,14,604152,648,11,saved
2018,15,604307,493,184,saved
2018,16,604476,324,11,saved
2018,17,604439,361,11,saved
2018,18,604335,465,23,saved
2018,19,604204,596,190,saved
2018,20,604475,325,18,saved
2018,21,414021,190779,190606,skipped_quality
2018,22,481468,123332,123052,skipped_quality
2018,23,604533,267,12,saved
2018,24,603818,982,182,saved
2018,25,604596,204,11,saved
2018,26,604562,238,11,saved
2018,27,604352,448,11,saved
2018,28,604059,741,183,saved
2018,29,604494,306,14,saved
2018,30,604387,413,11,saved
2018,31,604684,116,11,saved
2018,32,604567,233,11,saved
2018,33,604409,391,189,saved
2018,34,604535,265,12,saved
2018,35,604435,365,11,saved
2018,36,604646,154,12,saved
2018,37,604562,238,84,saved
2018,38,604378,422,11,saved
2018,39,604389,411,11,saved
2018,40,604446,354,12,saved
2018,41,604410,390,191,saved
2018,42,604515,285,11,saved
2018,43,604439,3961,3600,skipped_quality
2018,44,604406,394,11,saved
2018,45,604341,459,11,saved
2018,46,604168,632,191,saved
2018,47,604133,667,13,saved
2018,48,604705,95,12,saved
2018,49,604469,331,14,saved
2018,50,603864,936,188,saved
2018,51,604708,92,21,saved
2018,52,604498,302,11,saved
2019,1,604569,231,28,saved
2019,2,604027,773,180,saved
2019,3,604491,309,27,saved
2019,4,604051,749,12,saved
2019,5,604706,94,23,saved
2019,6,604433,367,23,saved
2019,7,604018,782,190,saved
2019,8,604249,551,11,saved
2019,9,604477,323,12,saved
2019,10,604549,251,12,saved
2019,11,604159,641,266,saved
2019,12,604315,485,15,saved
2019,13,601011,3789,3600,skipped_quality
2019,14,604519,281,14,saved
2019,15,604448,352,184,saved
2019,16,604600,200,11,saved
2019,17,604617,183,11,saved
2019,18,466557,138243,137513,skipped_quality
2019,19,296510,308290,308125,skipped_quality
2019,20,604367,433,186,saved
2019,21,604519,281,14,saved
2019,22,604316,484,20,saved
2019,23,604354,446,16,saved
2019,24,603887,913,183,saved
2019,25,604246,554,11,saved
2019,26,604408,392,15,saved
2019,27,604075,725,12,saved
2019,28,604361,439,191,saved
2019,29,604537,263,11,saved
2019,30,604090,710,12,saved
2019,31,604301,499,12,saved
2019,32,604607,193,12,saved
2019,33,604569,231,121,saved
2019,34,604228,572,11,saved
2019,35,604417,383,11,saved
2019,36,604365,435,12,saved
2019,37,603998,802,196,saved
2019,38,604042,758,12,saved
2019,39,604476,324,17,saved
2019,40,603878,922,106,saved
2019,41,604404,396,122,saved
2019,42,604331,469,22,saved
2019,43,604561,3839,3600,skipped_quality
2019,44,603765,1035,22,saved
2019,45,603803,997,17,saved
2019,46,604052,748,124,saved
2019,47,603966,834,22,saved
2019,48,604003,797,36,saved
2019,49,604524,276,21,saved
2019,50,604227,573,122,saved
2019,51,604044,756,12,saved
2019,52,604138,662,12,saved
2020,1,604637,163,11,saved
2020,2,603690,1110,15,saved
2020,3,604382,418,195,saved
2020,4,604268,532,12,saved
2020,5,604346,454,11,saved
2020,6,604445,355,12,saved
2020,7,604328,472,12,saved
2020,8,603522,1278,14,saved
2020,9,603613,1187,12,saved
2020,10,603669,1131,23,saved
2020,11,603967,833,12,saved
2020,12,603946,854,127,saved
2020,13,600627,4173,3600,skipped_quality
2020,14,604437,363,12,saved
2020,15,603275,1525,12,saved
2020,16,604204,596,205,saved
2020,17,604180,620,12,saved
2020,18,603647,1153,12,saved
2020,19,602827,1973,19,saved
2020,20,603381,1419,212,saved
2020,21,603398,1402,23,saved
2020,22,603721,1079,13,saved
2020,23,603306,1494,14,saved
2020,24,603446,1354,135,saved
2020,25,603969,831,13,saved
2020,26,603798,1002,32,saved
2020,27,603787,1013,12,saved
2020,28,603909,891,13,saved
2020,29,603985,815,184,saved
2020,30,603893,907,22,saved
2020,31,604529,271,12,saved
2020,32,193849,410951,410801,skipped_quality
2020,33,560201,44599,43579,skipped_quality
2020,34,603708,1092,132,saved
2020,35,604293,507,12,saved
2020,36,534261,70539,47747,skipped_quality
2020,37,603574,1226,257,saved
2020,38,604118,682,15,saved
2020,39,603711,1089,13,saved
2020,40,604063,737,12,saved
2020,41,604034,766,12,saved
2020,42,565153,39647,14600,skipped_quality
2020,43,603611,4789,3600,skipped_quality
2020,44,604314,486,17,saved
2020,45,537747,67053,2039,skipped_quality
2020,46,601810,2990,1130,saved
2020,47,604460,340,12,saved
2020,48,604082,718,19,saved
2020,49,604439,361,13,saved
2020,50,604215,585,125,saved
2020,51,603736,1064,12,saved
2020,52,604442,358,12,saved
2020,53,604083,717,11,saved
2021,1,604635,165,11,saved
2021,2,600276,4524,3657,skipped_quality
2021,3,604728,72,12,saved
2021,4,604776,24,11,saved
2021,5,604708,92,11,saved
2021,6,604629,171,138,saved
2021,7,604748,52,11,saved
2021,8,604579,221,31,saved
2021,9,604662,138,22,saved
2021,10,604504,296,139,saved
2021,11,604650,150,12,saved
2021,12,601002,3798,3600,skipped_quality
2021,13,604752,48,21,saved
2021,14,604547,253,20,saved
2021,15,604539,261,136,saved
2021,16,604353,447,86,saved
2021,17,604498,302,12,saved
2021,18,604539,261,21,saved
2021,19,604401,399,137,saved
2021,20,604023,777,21,saved
2021,21,603178,1622,1221,saved
2021,22,604577,223,21,saved
2021,23,604338,462,138,saved
2021,24,602734,2066,783,saved
2021,25,604722,78,21,saved
2021,26,604586,214,22,saved
2021,27,604551,249,137,saved
2021,28,604552,248,134,saved
2021,29,604708,92,21,saved
2021,30,604222,578,528,saved
2021,31,604718,82,22,saved
2021,32,604542,258,137,saved
2021,33,604682,118,12,saved
2021,34,604487,313,21,saved
2021,35,604594,206,21,saved
2021,36,604571,229,22,saved
2021,37,604441,359,137,saved
2021,38,604670,130,21,saved
2021,39,604756,44,11,saved
2021,40,604766,34,22,saved
2021,41,604601,199,140,saved
2021,42,604751,49,11,saved
2021,43,604708,3692,3600,skipped_quality
2021,44,604607,193,31,saved
2021,45,604383,417,140,saved
2021,46,604666,134,32,saved
2021,47,604724,76,21,saved
2021,48,604727,73,11,saved
2021,49,604744,56,21,saved
2021,50,604542,258,136,saved
2021,51,604772,28,11,saved
2021,52,604796,4,3,saved
2022,1,604670,130,31,saved
2022,2,604531,269,145,saved
2022,3,604679,121,32,saved
2022,4,604539,261,22,saved
2022,5,604512,288,35,saved
2022,6,604423,377,140,saved
2022,7,604607,193,67,saved
2022,8,604665,135,12,saved
2022,9,604601,199,12,saved
2022,10,571106,33694,33138,skipped_quality
2022,11,527435,77365,26846,skipped_quality
2022,12,586492,18308,14560,skipped_quality
2022,13,604557,243,11,saved
2022,14,604655,145,22,saved
2022,15,604484,316,143,saved
2022,16,604669,131,11,saved
2022,17,604480,320,20,saved
2022,18,604610,190,19,saved
2022,19,604455,345,143,saved
2022,20,604671,129,21,saved
2022,21,604708,92,21,saved
2022,22,604726,74,20,saved
2022,23,604585,215,13,saved
2022,24,604464,336,139,saved
2022,25,604609,191,30,saved
2022,26,604719,81,11,saved
2022,27,604650,150,20,saved
2022,28,604415,385,143,saved
2022,29,604663,137,21,saved
2022,30,604504,296,138,saved
2022,31,604640,160,21,saved
2022,32,604488,312,149,saved
2022,33,604626,174,22,saved
2022,34,604624,176,20,saved
2022,35,255456,349344,349200,skipped_quality
2022,39,176350,428450,428400,skipped_quality
2022,40,604599,201,21,saved
2022,41,604540,260,140,saved
2022,42,604746,54,11,saved
2022,43,604758,3642,3600,skipped_quality
2022,44,604752,48,21,saved
2022,45,604543,257,140,saved
2022,46,604784,16,3,saved
2022,47,604763,37,11,saved
2022,48,604772,28,11,saved
2022,49,604778,22,11,saved
2022,50,604348,452,257,saved
2022,51,604772,28,11,saved
2022,52,604777,23,11,saved
2023,1,604782,18,11,saved
2023,2,604623,177,137,saved
2023,3,604771,29,11,saved
2023,4,604758,42,11,saved
2023,5,604783,17,11,saved
2023,6,604606,194,170,saved
2023,7,604612,188,161,saved
2023,8,604773,27,11,saved
2023,9,604760,40,11,saved
2023,10,604768,32,11,saved
2023,11,604641,159,137,saved
2023,12,601181,3619,3600,skipped_quality
2023,13,604785,15,1,saved
2023,14,604780,20,11,saved
2023,15,604623,177,137,saved
2023,16,604636,164,152,saved
2023,17,603903,897,276,saved
2023,18,604768,32,11,saved
2023,19,603957,843,591,saved
2023,20,604766,34,12,saved
2023,21,604788,12,11,saved
2023,22,604767,33,11,saved
2023,23,604749,51,17,saved
2023,24,604423,377,145,saved
2023,25,604665,135,131,saved
2023,26,604786,14,11,saved
2023,27,604789,11,4,saved
2023,28,590637,14163,14012,skipped_quality
2023,29,583894,20906,20805,skipped_quality
2023,30,532523,72277,28800,skipped_quality
2023,31,595337,9463,5745,skipped_quality
2023,32,604477,323,141,saved
2023,33,604462,338,160,saved
2023,34,604771,29,11,saved
2023,35,604779,21,4,saved
2023,36,604758,42,11,saved
2023,37,603967,833,412,saved
2023,38,604770,30,11,saved
2023,39,604769,31,11,saved
2023,40,604780,20,11,saved
2023,41,603963,837,806,saved
2023,42,604756,44,12,saved
2023,43,604775,3625,3600,skipped_quality
2023,44,604780,20,12,saved
2023,45,603050,1750,1716,saved
2023,46,604354,446,417,saved
2023,47,604778,22,12,saved
2023,48,604758,42,11,saved
2023,49,604761,39,11,saved
2023,50,604363,437,411,saved
2023,51,604755,45,11,saved
2023,52,604772,28,11,saved
2024,1,604785,15,4,saved
2024,2,604356,444,418,saved
2024,3,604321,479,425,saved
2024,4,604752,48,21,saved
2024,5,604156,644,414,saved
2024,6,604737,63,11,saved
2024,7,604348,452,430,saved
2024,8,604782,18,11,saved
2024,9,604764,36,11,saved
2024,10,604757,43,11,saved
2024,11,604309,491,420,saved
2024,12,604778,22,11,saved
2024,13,601150,3650,3600,skipped_quality
2024,14,604595,205,169,saved
2024,15,604300,500,427,saved
2024,16,604770,30,11,saved
2024,17,604755,45,21,saved
2024,18,604755,45,11,saved
2024,19,604778,22,11,saved
2024,20,604365,435,423,saved
2024,21,604325,475,422,saved
2024,22,604760,40,11,saved
2024,23,604788,12,3,saved
2024,24,604373,427,414,saved
2024,25,604764,36,11,saved
2024,26,604758,42,22,saved
2024,27,604754,46,11,saved
2024,28,604170,630,417,saved
2024,29,604778,22,11,saved
2024,30,604754,46,12,saved
2024,31,604755,45,11,saved
2024,32,604791,9,1,saved
2024,33,604327,473,423,saved
2024,34,604673,127,51,saved
2024,35,604749,51,11,saved
2024,36,604760,40,6,saved
2024,37,604355,445,426,saved
2024,38,604726,74,51,saved
2024,39,604767,33,12,saved
2024,40,604750,50,12,saved
2024,41,604258,542,423,saved
2024,42,604716,84,60,saved
2024,43,604796,3604,3600,skipped_quality
2024,44,604793,7,1,saved
2024,45,604765,35,11,saved
2024,46,604281,519,472,saved
2024,47,604732,68,53,saved
2024,48,604761,39,11,saved
2024,49,604394,406,23,saved
2024,50,604362,438,411,saved
2024,51,604727,73,51,saved
2024,52,604759,41,11,saved
2025,1,604785,15,2,saved
2025,2,604773,27,11,saved
2025,3,604352,448,434,saved
2025,4,604711,89,53,saved
2025,5,604753,47,12,saved
2025,6,604770,30,11,saved
2025,7,604361,439,415,saved
2025,8,604163,637,557,saved
2025,9,604784,16,11,saved
2025,10,604781,19,7,saved
2025,11,604359,441,422,saved
2025,12,604709,91,57,saved
2025,13,600958,3842,3600,skipped_quality
2025,14,604789,11,1,saved
2025,15,604339,461,416,saved
2025,16,604670,130,55,saved
2025,17,604768,32,11,saved
2025,18,604795,5,2,saved
2025,19,604794,6,4,saved
2025,20,603952,848,419,saved
2025,21,573328,31472,7324,skipped_quality
2025,22,583649,21151,6507,skipped_quality
2025,23,603109,1691,1588,saved
2025,24,602507,2293,1686,saved
2025,25,604735,65,54,saved
2025,26,604002,798,607,saved
2025,27,602943,1857,949,saved
2025,28,602579,2221,1076,saved
2025,29,604406,394,297,saved
2025,30,604696,104,76,saved
2025,31,603611,1189,865,saved
2025,32,580967,23833,2401,skipped_quality
2025,33,598037,6763,2162,skipped_quality
2025,34,604742,58,54,saved
2025,35,603470,1330,675,saved
2025,36,603506,1294,622,saved
2025,37,599408,5392,3230,skipped_quality
2025,38,601323,3477,1054,saved
2025,39,604470,330,200,saved
2025,40,603358,1442,822,saved
2025,41,603611,1189,1181,saved
2025,42,603179,1621,763,saved
2025,43,602340,6060,3600,skipped_quality
2025,44,604726,74,54,saved
2025,45,604771,29,9,saved
2025,46,604348,452,413,saved
2025,47,604719,81,54,saved
2025,48,604782,18,13,saved
2025,49,604763,37,12,saved
2025,50,604372,428,426,saved
2025,51,604682,118,54,saved
2025,52,604790,10,6,saved
2026,1,255599,349201,349200,skipped_quality
