frequency_hz,period_s,amplitude
0.0,inf,0.013271235
0.0002777777777777778,3600.0,0.019210804
0.0005555555555555556,1800.0,0.0077370913
0.0008333333333333333,1200.0,0.004388847
0.0011111111111111111,900.0,0.003603622
0.001388888888888889,720.0,0.002726805
0.0016666666666666666,600.0,0.0021710347
0.0019444444444444444,514.2857142857143,0.0021365236
0.0022222222222222222,450.0,0.0022053383
0.0025,400.0,0.0018851197
0.002777777777777778,360.0,0.0016507055
0.0030555555555555557,327.27272727272725,0.001812282
0.003333333333333333,300.0,0.002088947
0.003611111111111111,276.92307692307696,0.0016813518
0.0038888888888888888,257.14285714285717,0.0016796797
0.004166666666666667,240.0,0.0017421286
0.0044444444444444444,225.0,0.0018647432
0.004722222222222222,211.76470588235293,0.0017568377
0.005,200.0,0.001755241
0.005277777777777778,189.4736842105263,0.0017695434
0.005555555555555556,180.0,0.0018624183
0.005833333333333334,171.42857142857142,0.001730147
0.006111111111111111,163.63636363636363,0.0016765308
0.006388888888888889,156.52173913043478,0.0016551614
0.006666666666666666,150.0,0.0017333946
0.006944444444444444,144.0,0.0015990038
0.007222222222222222,138.46153846153848,0.0015469806
0.0075,133.33333333333334,0.0017151646
0.0077777777777777776,128.57142857142858,0.0017131758
0.008055555555555555,124.13793103448276,0.0017046793
0.008333333333333333,120.0,0.0016945131
0.008611111111111111,116.12903225806451,0.0017505268
0.008888888888888889,112.5,0.0016978417
0.009166666666666667,109.0909090909091,0.0016308308
0.009444444444444445,105.88235294117646,0.0015970593
0.009722222222222222,102.85714285714286,0.0017329471
0.01,100.0,0.0018499296
0.010277777777777778,97.29729729729729,0.0018909001
0.010555555555555556,94.73684210526315,0.0018370239
0.010833333333333334,92.3076923076923,0.0017651875
0.011111111111111112,90.0,0.0018037211
0.01138888888888889,87.80487804878048,0.0018337322
0.011666666666666667,85.71428571428571,0.0017025524
0.011944444444444445,83.72093023255813,0.0018238605
0.012222222222222223,81.81818181818181,0.0017589347
0.0125,80.0,0.001626791
0.012777777777777779,78.26086956521739,0.0016520377
0.013055555555555556,76.59574468085106,0.0016205412
0.013333333333333332,75.0,0.0016082746
0.01361111111111111,73.46938775510205,0.0015686457
0.013888888888888888,72.0,0.0015233496
0.014166666666666666,70.58823529411765,0.0014536873
0.014444444444444444,69.23076923076924,0.0014465388
0.014722222222222222,67.9245283018868,0.0014367257
0.015,66.66666666666667,0.001376032
0.015277777777777777,65.45454545454545,0.0014337454
0.015555555555555555,64.28571428571429,0.0014616878
0.015833333333333335,63.1578947368421,0.0014185857
0.01611111111111111,62.06896551724138,0.0014253758
0.01638888888888889,61.01694915254237,0.0014800782
0.016666666666666666,60.0,0.0017765239
0.016944444444444446,59.01639344262295,0.0014408362
0.017222222222222222,58.064516129032256,0.0011887945
0.0175,57.14285714285714,0.001164249
0.017777777777777778,56.25,0.0011509658
0.018055555555555554,55.38461538461539,0.0011058706
0.018333333333333333,54.54545454545455,0.0010964555
0.01861111111111111,53.73134328358209,0.0010742303
0.01888888888888889,52.94117647058823,0.0010960678
0.019166666666666665,52.173913043478265,0.0010870693
0.019444444444444445,51.42857142857143,0.0010318438
0.01972222222222222,50.70422535211268,0.001014155
0.02,50.0,0.0009920647
0.020277777777777777,49.31506849315069,0.00095715997
0.020555555555555556,48.648648648648646,0.0009802592
0.020833333333333332,48.0,0.00093886926
0.021111111111111112,47.368421052631575,0.0008954574
0.021388888888888888,46.753246753246756,0.00088836264
0.021666666666666667,46.15384615384615,0.00089176145
0.021944444444444444,45.56962025316456,0.0008969861
0.022222222222222223,45.0,0.0008949905
0.0225,44.44444444444444,0.0008038076
0.02277777777777778,43.90243902439024,0.000752193
0.023055555555555555,43.373493975903614,0.00076617446
0.023333333333333334,42.857142857142854,0.000742752
0.02361111111111111,42.35294117647059,0.00072936586
0.02388888888888889,41.860465116279066,0.00073743216
0.024166666666666666,41.37931034482759,0.00071876426
0.024444444444444446,40.90909090909091,0.00069891795
0.024722222222222222,40.449438202247194,0.0006507597
0.025,40.0,0.0006517475
0.025277777777777777,39.56043956043956,0.00063886517
0.025555555555555557,39.130434782608695,0.00060272316
0.025833333333333333,38.70967741935484,0.000579636
0.026111111111111113,38.29787234042553,0.0006099263
0.02638888888888889,37.89473684210526,0.00060895854
0.026666666666666665,37.5,0.0005840783
0.026944444444444444,37.11340206185567,0.00059077155
0.02722222222222222,36.734693877551024,0.00057815434
0.0275,36.36363636363637,0.00055924617
0.027777777777777776,36.0,0.0005350427
0.028055555555555556,35.64356435643565,0.00051777286
0.028333333333333332,35.294117647058826,0.0005296238
0.02861111111111111,34.95145631067961,0.0005086593
0.028888888888888888,34.61538461538462,0.0005066788
0.029166666666666667,34.285714285714285,0.000487362
0.029444444444444443,33.9622641509434,0.0004679016
0.029722222222222223,33.64485981308411,0.00045370986
0.03,33.333333333333336,0.00045300307
0.03027777777777778,33.027522935779814,0.0004722419
0.030555555555555555,32.72727272727273,0.00046229264
0.030833333333333334,32.432432432432435,0.00044099783
0.03111111111111111,32.142857142857146,0.0004455654
0.03138888888888889,31.858407079646017,0.00044231405
0.03166666666666667,31.57894736842105,0.00043766657
0.03194444444444444,31.30434782608696,0.00043305763
0.03222222222222222,31.03448275862069,0.0004246424
0.0325,30.769230769230766,0.0004022779
0.03277777777777778,30.508474576271183,0.00038849423
0.03305555555555555,30.252100840336137,0.00039209827
0.03333333333333333,30.0,0.00038212622
0.03361111111111111,29.75206611570248,0.00035975367
0.03388888888888889,29.508196721311474,0.00036156457
0.034166666666666665,29.26829268292683,0.00034606364
0.034444444444444444,29.032258064516128,0.00034044735
0.034722222222222224,28.799999999999997,0.00033848494
0.035,28.57142857142857,0.00032454016
0.035277777777777776,28.34645669291339,0.00033198192
0.035555555555555556,28.125,0.0003304504
0.035833333333333335,27.906976744186046,0.0003271166
0.03611111111111111,27.692307692307693,0.00033111763
0.03638888888888889,27.480916030534353,0.00031294054
0.03666666666666667,27.272727272727273,0.00029382907
0.036944444444444446,27.06766917293233,0.00028387664
0.03722222222222222,26.865671641791046,0.00027944034
0.0375,26.666666666666668,0.00028235652
0.03777777777777778,26.470588235294116,0.00028220352
0.03805555555555556,26.27737226277372,0.00027870233
0.03833333333333333,26.086956521739133,0.00026409098
0.03861111111111111,25.89928057553957,0.00025252797
0.03888888888888889,25.714285714285715,0.000249701
0.03916666666666667,25.53191489361702,0.00024745523
0.03944444444444444,25.35211267605634,0.0002446202
0.03972222222222222,25.174825174825177,0.00023780456
0.04,25.0,0.00024759053
0.04027777777777778,24.82758620689655,0.00024518382
0.04055555555555555,24.657534246575345,0.00024558723
0.04083333333333333,24.489795918367346,0.00024281905
0.04111111111111111,24.324324324324323,0.00024410248
0.04138888888888889,24.161073825503355,0.00024495609
0.041666666666666664,24.0,0.0002425803
0.041944444444444444,23.841059602649008,0.00023795693
0.042222222222222223,23.684210526315788,0.00023635401
0.0425,23.52941176470588,0.00021966817
0.042777777777777776,23.376623376623378,0.00022171105
0.043055555555555555,23.225806451612904,0.00022636674
0.043333333333333335,23.076923076923077,0.00022880822
0.043611111111111114,22.929936305732483,0.00023200994
0.04388888888888889,22.78481012658228,0.00023214624
0.04416666666666667,22.641509433962263,0.00021386698
0.044444444444444446,22.5,0.000211396
0.04472222222222222,22.36024844720497,0.00020767568
0.045,22.22222222222222,0.00021243408
0.04527777777777778,22.085889570552148,0.00021004699
0.04555555555555556,21.95121951219512,0.00020930296
0.04583333333333333,21.81818181818182,0.00021567561
0.04611111111111111,21.686746987951807,0.00019964046
0.04638888888888889,21.55688622754491,0.00019595717
0.04666666666666667,21.428571428571427,0.00019981939
0.04694444444444444,21.301775147928996,0.00019445168
0.04722222222222222,21.176470588235293,0.00019137649
0.0475,21.05263157894737,0.00019206575
0.04777777777777778,20.930232558139533,0.0001986486
0.04805555555555555,20.809248554913296,0.00019132292
0.04833333333333333,20.689655172413794,0.00019085546
0.04861111111111111,20.57142857142857,0.00018252927
0.04888888888888889,20.454545454545453,0.0001731275
0.049166666666666664,20.33898305084746,0.00017314818
0.049444444444444444,20.224719101123597,0.00016399028
0.04972222222222222,20.11173184357542,0.00017692459
0.05,20.0,0.00018342928
0.050277777777777775,19.88950276243094,0.0001780716
0.050555555555555555,19.78021978021978,0.00017318275
0.050833333333333335,19.672131147540984,0.00016867938
0.051111111111111114,19.565217391304348,0.0001740769
0.05138888888888889,19.45945945945946,0.00017244881
0.051666666666666666,19.35483870967742,0.00017432704
0.051944444444444446,19.25133689839572,0.00016552345
0.052222222222222225,19.148936170212764,0.00016254613
0.0525,19.047619047619047,0.00016389902
0.05277777777777778,18.94736842105263,0.00016992512
0.05305555555555556,18.848167539267013,0.00017072268
0.05333333333333333,18.75,0.00016673205
0.05361111111111111,18.652849740932645,0.00015496876
0.05388888888888889,18.556701030927837,0.00014823784
0.05416666666666667,18.46153846153846,0.00015065604
0.05444444444444444,18.367346938775512,0.00014662779
0.05472222222222222,18.274111675126903,0.0001581452
0.055,18.181818181818183,0.00014803465
0.05527777777777778,18.09045226130653,0.00014149064
0.05555555555555555,18.0,0.00014004581
0.05583333333333333,17.910447761194032,0.00014028682
0.05611111111111111,17.821782178217823,0.00013940888
0.05638888888888889,17.73399014778325,0.00013993599
0.056666666666666664,17.647058823529413,0.00013473447
0.05694444444444444,17.5609756097561,0.00013514541
0.05722222222222222,17.475728155339805,0.00014241185
0.0575,17.391304347826086,0.00013393076
0.057777777777777775,17.30769230769231,0.00012698967
0.058055555555555555,17.22488038277512,0.00013099266
0.058333333333333334,17.142857142857142,0.00012892803
0.058611111111111114,17.061611374407583,0.0001287768
0.058888888888888886,16.9811320754717,0.00012095008
0.059166666666666666,16.901408450704224,0.00011799283
0.059444444444444446,16.822429906542055,0.00012282081
0.059722222222222225,16.744186046511626,0.00012273603
0.06,16.666666666666668,0.00011382197
0.06027777777777778,16.589861751152075,0.00011372671
0.06055555555555556,16.513761467889907,0.00011066976
0.060833333333333336,16.43835616438356,0.00011081917
0.06111111111111111,16.363636363636363,0.000110465364
0.06138888888888889,16.289592760180994,0.00011614117
0.06166666666666667,16.216216216216218,0.00011113873
0.06194444444444445,16.143497757847534,0.00011444822
0.06222222222222222,16.071428571428573,0.000113775095
0.0625,16.0,0.000107975786
0.06277777777777778,15.929203539823009,0.000103977545
0.06305555555555556,15.859030837004404,0.00010231222
0.06333333333333334,15.789473684210526,9.863191e-05
0.0636111111111111,15.72052401746725,9.418395e-05
0.06388888888888888,15.65217391304348,9.728339e-05
0.06416666666666666,15.584415584415586,9.9090845e-05
0.06444444444444444,15.517241379310345,0.00010029291
0.06472222222222222,15.450643776824034,0.00010288732
0.065,15.384615384615383,9.4015355e-05
0.06527777777777778,15.319148936170212,9.7354176e-05
0.06555555555555556,15.254237288135592,9.543512e-05
0.06583333333333333,15.18987341772152,9.3366405e-05
0.0661111111111111,15.126050420168069,9.104205e-05
0.06638888888888889,15.062761506276152,9.2614995e-05
0.06666666666666667,15.0,9.7147364e-05
0.06694444444444445,14.937759336099585,9.206394e-05
0.06722222222222222,14.87603305785124,8.929916e-05
0.0675,14.814814814814813,9.026073e-05
0.06777777777777778,14.754098360655737,8.971721e-05
0.06805555555555555,14.69387755102041,8.5554144e-05
0.06833333333333333,14.634146341463415,8.929271e-05
0.06861111111111111,14.574898785425102,8.4335494e-05
0.06888888888888889,14.516129032258064,8.3364415e-05
0.06916666666666667,14.457831325301205,8.442501e-05
0.06944444444444445,14.399999999999999,8.4687505e-05
0.06972222222222223,14.342629482071713,8.129535e-05
0.07,14.285714285714285,7.850388e-05
0.07027777777777777,14.229249011857709,8.1476515e-05
0.07055555555555555,14.173228346456694,8.154622e-05
0.07083333333333333,14.117647058823529,7.8276105e-05
0.07111111111111111,14.0625,7.4486525e-05
0.07138888888888889,14.007782101167315,7.569077e-05
0.07166666666666667,13.953488372093023,7.8569174e-05
0.07194444444444445,13.899613899613898,7.260171e-05
0.07222222222222222,13.846153846153847,7.625809e-05
0.0725,13.793103448275863,7.9983045e-05
0.07277777777777777,13.740458015267176,7.6957476e-05
0.07305555555555555,13.688212927756654,7.537662e-05
0.07333333333333333,13.636363636363637,7.264717e-05
0.07361111111111111,13.584905660377357,7.091337e-05
0.07388888888888889,13.533834586466165,6.84538e-05
0.07416666666666667,13.48314606741573,6.77315e-05
0.07444444444444444,13.432835820895523,7.062293e-05
0.07472222222222222,13.382899628252789,6.9767855e-05
0.075,13.333333333333334,6.870342e-05
0.07527777777777778,13.284132841328413,6.844753e-05
0.07555555555555556,13.235294117647058,6.295689e-05
0.07583333333333334,13.186813186813186,6.3443964e-05
0.07611111111111112,13.13868613138686,6.6583714e-05
0.0763888888888889,13.09090909090909,6.395964e-05
0.07666666666666666,13.043478260869566,6.223054e-05
0.07694444444444444,12.99638989169675,6.431845e-05
0.07722222222222222,12.949640287769785,6.817283e-05
0.0775,12.903225806451614,6.6959976e-05
0.07777777777777778,12.857142857142858,6.291357e-05
0.07805555555555556,12.811387900355871,6.068159e-05
0.07833333333333334,12.76595744680851,6.0112652e-05
0.07861111111111112,12.720848056537102,5.8254835e-05
0.07888888888888888,12.67605633802817,6.232848e-05
0.07916666666666666,12.631578947368421,5.9421065e-05
0.07944444444444444,12.587412587412588,5.5272732e-05
0.07972222222222222,12.543554006968641,5.7195433e-05
0.08,12.5,6.0451886e-05
0.08027777777777778,12.45674740484429,5.745135e-05
0.08055555555555556,12.413793103448276,5.797647e-05
0.08083333333333333,12.371134020618557,5.678325e-05
0.0811111111111111,12.328767123287673,5.321971e-05
0.08138888888888889,12.286689419795222,5.4704327e-05
0.08166666666666667,12.244897959183673,5.7574034e-05
0.08194444444444444,12.203389830508474,5.790387e-05
0.08222222222222222,12.162162162162161,5.909866e-05
0.0825,12.121212121212121,5.6763867e-05
0.08277777777777778,12.080536912751677,5.399861e-05
0.08305555555555555,12.040133779264215,5.45572e-05
0.08333333333333333,12.0,5.6218134e-05
0.08361111111111111,11.960132890365449,5.3116157e-05
0.08388888888888889,11.920529801324504,5.2952455e-05
0.08416666666666667,11.881188118811881,5.313834e-05
0.08444444444444445,11.842105263157894,5.557848e-05
0.08472222222222223,11.803278688524589,5.433965e-05
0.085,11.76470588235294,5.0320425e-05
0.08527777777777777,11.726384364820849,4.9445305e-05
0.08555555555555555,11.688311688311689,5.1750343e-05
0.08583333333333333,11.650485436893204,5.153211e-05
0.08611111111111111,11.612903225806452,5.1592335e-05
0.08638888888888889,11.57556270096463,5.0066763e-05
0.08666666666666667,11.538461538461538,4.9446102e-05
0.08694444444444445,11.501597444089457,5.2087933e-05
0.08722222222222223,11.464968152866241,5.007385e-05
0.0875,11.428571428571429,5.354953e-05
0.08777777777777777,11.39240506329114,5.2087198e-05
0.08805555555555555,11.35646687697161,4.9895214e-05
0.08833333333333333,11.320754716981131,5.020638e-05
0.08861111111111111,11.285266457680251,5.1316885e-05
0.08888888888888889,11.25,5.024965e-05
0.08916666666666667,11.214953271028037,4.7595287e-05
0.08944444444444444,11.180124223602485,4.9188806e-05
0.08972222222222222,11.145510835913313,5.016143e-05
0.09,11.11111111111111,5.056773e-05
0.09027777777777778,11.076923076923077,4.836978e-05
0.09055555555555556,11.042944785276074,4.742505e-05
0.09083333333333334,11.009174311926605,4.7855352e-05
0.09111111111111111,10.97560975609756,4.9402002e-05
0.0913888888888889,10.94224924012158,5.073743e-05
0.09166666666666666,10.90909090909091,4.8913953e-05
0.09194444444444444,10.876132930513595,4.809918e-05
0.09222222222222222,10.843373493975903,4.9166763e-05
0.0925,10.81081081081081,4.7915073e-05
0.09277777777777778,10.778443113772456,4.7825266e-05
0.09305555555555556,10.746268656716417,4.7246438e-05
0.09333333333333334,10.714285714285714,4.6332058e-05
0.09361111111111112,10.682492581602373,4.857059e-05
0.09388888888888888,10.650887573964498,4.7293663e-05
0.09416666666666666,10.619469026548673,4.7868856e-05
0.09444444444444444,10.588235294117647,4.983607e-05
0.09472222222222222,10.557184750733137,4.833082e-05
0.095,10.526315789473685,4.6908022e-05
0.09527777777777778,10.495626822157433,4.639974e-05
0.09555555555555556,10.465116279069766,4.615179e-05
0.09583333333333334,10.434782608695652,4.883849e-05
0.0961111111111111,10.404624277456648,4.7949285e-05
0.09638888888888889,10.37463976945245,4.675847e-05
0.09666666666666666,10.344827586206897,4.56258e-05
0.09694444444444444,10.315186246418339,4.532573e-05
0.09722222222222222,10.285714285714285,4.5554836e-05
0.0975,10.256410256410255,4.925518e-05
0.09777777777777778,10.227272727272727,4.9093003e-05
0.09805555555555555,10.19830028328612,4.5365934e-05
0.09833333333333333,10.16949152542373,4.4857406e-05
0.09861111111111111,10.140845070422536,4.4466e-05
0.09888888888888889,10.112359550561798,4.689614e-05
0.09916666666666667,10.084033613445378,4.5999535e-05
0.09944444444444445,10.05586592178771,4.3194486e-05
0.09972222222222223,10.027855153203342,4.483666e-05
0.1,10.0,4.894377e-05
0.10027777777777777,9.97229916897507,4.8472164e-05
0.10055555555555555,9.94475138121547,4.564669e-05
0.10083333333333333,9.917355371900827,4.4981756e-05
0.10111111111111111,9.89010989010989,4.7183938e-05
0.10138888888888889,9.863013698630137,4.803268e-05
0.10166666666666667,9.836065573770492,4.6376474e-05
0.10194444444444445,9.809264305177111,4.382327e-05
0.10222222222222223,9.782608695652174,4.4873006e-05
0.1025,9.75609756097561,4.605463e-05
0.10277777777777777,9.72972972972973,4.610657e-05
0.10305555555555555,9.703504043126685,4.43819e-05
0.10333333333333333,9.67741935483871,4.3273154e-05
0.10361111111111111,9.651474530831099,4.2874923e-05
0.10388888888888889,9.62566844919786,4.2216307e-05
0.10416666666666667,9.6,4.146679e-05
0.10444444444444445,9.574468085106382,4.0317118e-05
0.10472222222222222,9.549071618037136,4.2014886e-05
0.105,9.523809523809524,4.4781522e-05
0.10527777777777778,9.49868073878628,4.4290187e-05
0.10555555555555556,9.473684210526315,4.216253e-05
0.10583333333333333,9.448818897637794,4.1755484e-05
0.10611111111111111,9.424083769633507,4.014384e-05
0.1063888888888889,9.39947780678851,4.0610797e-05
0.10666666666666666,9.375,4.107577e-05
0.10694444444444444,9.350649350649352,4.1084902e-05
0.10722222222222222,9.326424870466322,4.100103e-05
0.1075,9.30232558139535,4.1778643e-05
0.10777777777777778,9.278350515463918,3.915907e-05
0.10805555555555556,9.254498714652955,3.7923768e-05
0.10833333333333334,9.23076923076923,4.019674e-05
0.10861111111111112,9.207161125319693,3.9533745e-05
0.10888888888888888,9.183673469387756,3.8399096e-05
0.10916666666666666,9.160305343511451,3.794653e-05
0.10944444444444444,9.137055837563452,3.9962993e-05
0.10972222222222222,9.113924050632912,4.0895233e-05
0.11,9.090909090909092,3.9731975e-05
0.11027777777777778,9.06801007556675,3.9484876e-05
0.11055555555555556,9.045226130653266,3.9807856e-05
0.11083333333333334,9.022556390977444,3.883091e-05
0.1111111111111111,9.0,3.7874117e-05
0.11138888888888888,8.977556109725686,3.9883897e-05
0.11166666666666666,8.955223880597016,3.9278126e-05
0.11194444444444444,8.933002481389579,3.8393424e-05
0.11222222222222222,8.910891089108912,3.7733582e-05
0.1125,8.88888888888889,3.7046553e-05
0.11277777777777778,8.866995073891625,3.6292648e-05
0.11305555555555556,8.845208845208845,3.8705297e-05
0.11333333333333333,8.823529411764707,3.9783565e-05
0.11361111111111111,8.80195599022005,3.8422288e-05
0.11388888888888889,8.78048780487805,3.6208334e-05
0.11416666666666667,8.75912408759124,3.8845767e-05
0.11444444444444445,8.737864077669903,3.8051043e-05
0.11472222222222223,8.716707021791768,3.6670423e-05
0.115,8.695652173913043,3.8342852e-05
0.11527777777777778,8.674698795180722,3.9010727e-05
0.11555555555555555,8.653846153846155,3.924191e-05
0.11583333333333333,8.633093525179856,3.7679536e-05
0.11611111111111111,8.61244019138756,3.8334976e-05
0.11638888888888889,8.591885441527447,3.684569e-05
0.11666666666666667,8.571428571428571,3.7575443e-05
0.11694444444444445,8.551068883610451,3.7939426e-05
0.11722222222222223,8.530805687203792,3.7615406e-05
0.1175,8.51063829787234,3.7682476e-05
0.11777777777777777,8.49056603773585,3.800911e-05
0.11805555555555555,8.470588235294118,3.689311e-05
0.11833333333333333,8.450704225352112,3.663595e-05
0.11861111111111111,8.430913348946136,3.7496688e-05
0.11888888888888889,8.411214953271028,3.746851e-05
0.11916666666666667,8.391608391608392,3.820359e-05
0.11944444444444445,8.372093023255813,3.5071935e-05
0.11972222222222222,8.352668213457077,3.621156e-05
0.12,8.333333333333334,3.755802e-05
0.12027777777777778,8.314087759815243,3.7369766e-05
0.12055555555555555,8.294930875576037,3.592188e-05
0.12083333333333333,8.275862068965518,3.6029778e-05
0.12111111111111111,8.256880733944953,3.6733072e-05
0.1213888888888889,8.237986270022883,3.6611513e-05
0.12166666666666667,8.21917808219178,3.6549303e-05
0.12194444444444444,8.200455580865604,3.6842936e-05
0.12222222222222222,8.181818181818182,3.7528156e-05
0.1225,8.16326530612245,3.715421e-05
0.12277777777777778,8.144796380090497,3.5429144e-05
0.12305555555555556,8.126410835214447,3.5962297e-05
0.12333333333333334,8.108108108108109,3.5106666e-05
0.12361111111111112,8.089887640449438,3.402998e-05
0.1238888888888889,8.071748878923767,3.3970293e-05
0.12416666666666666,8.053691275167786,3.506102e-05
0.12444444444444444,8.035714285714286,3.668059e-05
0.12472222222222222,8.017817371937639,3.6423546e-05
0.125,8.0,3.3526063e-05
0.12527777777777777,7.982261640798227,3.34982e-05
0.12555555555555556,7.964601769911504,3.421452e-05
0.12583333333333332,7.9470198675496695,3.228276e-05
0.12611111111111112,7.929515418502202,3.2154996e-05
0.12638888888888888,7.912087912087912,3.380489e-05
0.12666666666666668,7.894736842105263,3.4549987e-05
0.12694444444444444,7.87746170678337,3.3093154e-05
0.1272222222222222,7.860262008733625,3.3139393e-05
0.1275,7.8431372549019605,3.3576547e-05
0.12777777777777777,7.82608695652174,3.3876262e-05
0.12805555555555556,7.809110629067245,3.1510088e-05
0.12833333333333333,7.792207792207793,3.110457e-05
0.12861111111111112,7.775377969762419,3.1341737e-05
0.1288888888888889,7.758620689655173,3.3085103e-05
0.12916666666666668,7.741935483870967,3.301367e-05
0.12944444444444445,7.725321888412017,3.192293e-05
0.1297222222222222,7.7087794432548185,3.292093e-05
0.13,7.692307692307692,3.3837005e-05
0.13027777777777777,7.675906183368871,3.196152e-05
0.13055555555555556,7.659574468085106,3.108162e-05
0.13083333333333333,7.643312101910828,3.1439264e-05
0.13111111111111112,7.627118644067796,3.224362e-05
0.1313888888888889,7.6109936575052854,3.2737586e-05
0.13166666666666665,7.59493670886076,3.1771993e-05
0.13194444444444445,7.578947368421052,3.1744756e-05
0.1322222222222222,7.563025210084034,3.1492415e-05
0.1325,7.547169811320754,2.992208e-05
0.13277777777777777,7.531380753138076,2.9782621e-05
0.13305555555555557,7.515657620041753,3.0111572e-05
0.13333333333333333,7.5,3.1014428e-05
0.1336111111111111,7.484407484407485,3.1428466e-05
0.1338888888888889,7.468879668049793,3.144683e-05
0.13416666666666666,7.453416149068324,3.060171e-05
0.13444444444444445,7.43801652892562,2.981698e-05
0.13472222222222222,7.422680412371134,2.9408793e-05
0.135,7.4074074074074066,3.076759e-05
0.13527777777777777,7.392197125256674,3.0427429e-05
0.13555555555555557,7.377049180327869,2.9941675e-05
0.13583333333333333,7.361963190184049,2.9465964e-05
0.1361111111111111,7.346938775510205,3.069617e-05
0.1363888888888889,7.3319755600814664,3.0604067e-05
0.13666666666666666,7.317073170731708,2.9868826e-05
0.13694444444444445,7.3022312373225144,2.7928203e-05
0.13722222222222222,7.287449392712551,2.7131706e-05
0.1375,7.2727272727272725,2.8314113e-05
0.13777777777777778,7.258064516129032,2.9407247e-05
0.13805555555555554,7.2434607645875255,2.9614905e-05
0.13833333333333334,7.228915662650603,2.8666867e-05
0.1386111111111111,7.214428857715431,2.7365346e-05
0.1388888888888889,7.199999999999999,2.814222e-05
0.13916666666666666,7.185628742514971,2.7046233e-05
0.13944444444444445,7.171314741035856,2.6066584e-05
0.13972222222222222,7.157057654075547,2.6973043e-05
0.14,7.142857142857142,2.5174902e-05
0.14027777777777778,7.128712871287129,2.5359508e-05
0.14055555555555554,7.114624505928854,2.7281638e-05
0.14083333333333334,7.100591715976331,2.7539103e-05
0.1411111111111111,7.086614173228347,2.7353428e-05
0.1413888888888889,7.072691552062868,2.5357273e-05
0.14166666666666666,7.0588235294117645,2.5481253e-05
0.14194444444444446,7.045009784735812,2.6452577e-05
0.14222222222222222,7.03125,2.6212318e-05
0.1425,7.017543859649123,2.5859194e-05
0.14277777777777778,7.003891050583658,2.681676e-05
0.14305555555555555,6.990291262135923,2.4863415e-05
0.14333333333333334,6.976744186046512,2.492265e-05
0.1436111111111111,6.963249516441006,2.5272517e-05
0.1438888888888889,6.949806949806949,2.5122305e-05
0.14416666666666667,6.936416184971098,2.4701741e-05
0.14444444444444443,6.923076923076923,2.523468e-05
0.14472222222222222,6.90978886756238,2.5574449e-05
0.145,6.8965517241379315,2.6107575e-05
0.14527777777777778,6.8833652007648185,2.5022407e-05
0.14555555555555555,6.870229007633588,2.5765738e-05
0.14583333333333334,6.857142857142857,2.5569e-05
0.1461111111111111,6.844106463878327,2.4953077e-05
0.1463888888888889,6.831119544592029,2.4400826e-05
0.14666666666666667,6.818181818181818,2.5169998e-05
0.14694444444444443,6.805293005671078,2.5064694e-05
0.14722222222222223,6.792452830188679,2.459155e-05
0.1475,6.779661016949153,2.417726e-05
0.14777777777777779,6.7669172932330826,2.3710605e-05
0.14805555555555555,6.75422138836773,2.496037e-05
0.14833333333333334,6.741573033707865,2.44598e-05
0.1486111111111111,6.728971962616822,2.5445584e-05
0.14888888888888888,6.7164179104477615,2.4530878e-05
0.14916666666666667,6.70391061452514,2.4090346e-05
0.14944444444444444,6.691449814126394,2.4630988e-05
0.14972222222222223,6.679035250463822,2.4914658e-05
0.15,6.666666666666667,2.396453e-05
0.1502777777777778,6.654343807763401,2.330743e-05
0.15055555555555555,6.642066420664206,2.329325e-05
0.15083333333333335,6.6298342541436455,2.366758e-05
0.1511111111111111,6.617647058823529,2.3148274e-05
0.15138888888888888,6.605504587155964,2.3368182e-05
0.15166666666666667,6.593406593406593,2.3666602e-05
0.15194444444444444,6.581352833638026,2.3418186e-05
0.15222222222222223,6.56934306569343,2.2917924e-05
0.1525,6.557377049180328,2.3179928e-05
0.1527777777777778,6.545454545454545,2.1980506e-05
0.15305555555555556,6.533575317604356,2.23093e-05
0.15333333333333332,6.521739130434783,2.1160384e-05
0.15361111111111111,6.509945750452079,2.1606655e-05
0.15388888888888888,6.498194945848375,2.3102717e-05
0.15416666666666667,6.486486486486486,2.2081094e-05
0.15444444444444444,6.474820143884893,2.1898939e-05
0.15472222222222223,6.463195691202872,2.137345e-05
0.155,6.451612903225807,2.1614564e-05
0.15527777777777776,6.440071556350627,2.1710734e-05
0.15555555555555556,6.428571428571429,2.0772162e-05
0.15583333333333332,6.417112299465241,2.002277e-05
0.15611111111111112,6.405693950177936,2.1410164e-05
0.15638888888888888,6.394316163410302,2.2080201e-05
0.15666666666666668,6.382978723404255,2.1786354e-05
0.15694444444444444,6.371681415929204,2.058394e-05
0.15722222222222224,6.360424028268551,2.029206e-05
0.1575,6.349206349206349,1.9543644e-05
0.15777777777777777,6.338028169014085,2.0140653e-05
0.15805555555555556,6.3268892794376095,2.0429758e-05
0.15833333333333333,6.315789473684211,1.9784973e-05
0.15861111111111112,6.304728546409807,1.9399451e-05
0.15888888888888889,6.293706293706294,1.9421692e-05
0.15916666666666668,6.282722513089005,2.000511e-05
0.15944444444444444,6.2717770034843205,2.0250287e-05
0.1597222222222222,6.260869565217392,1.9894998e-05
0.16,6.25,1.9079562e-05
0.16027777777777777,6.239168110918545,1.9423374e-05
0.16055555555555556,6.228373702422145,1.9529436e-05
0.16083333333333333,6.217616580310881,1.9748883e-05
0.16111111111111112,6.206896551724138,1.9652909e-05
0.1613888888888889,6.196213425129088,1.9575084e-05
0.16166666666666665,6.185567010309279,1.910153e-05
0.16194444444444445,6.174957118353345,1.892662e-05
0.1622222222222222,6.164383561643836,1.9396408e-05
0.1625,6.153846153846153,2.027638e-05
0.16277777777777777,6.143344709897611,2.0675465e-05
0.16305555555555556,6.132879045996592,1.928923e-05
0.16333333333333333,6.122448979591836,1.8997538e-05
0.16361111111111112,6.112054329371817,1.8682918e-05
0.1638888888888889,6.101694915254237,1.8745215e-05
0.16416666666666666,6.091370558375635,1.9297222e-05
0.16444444444444445,6.081081081081081,1.956752e-05
0.16472222222222221,6.070826306913997,1.920078e-05
0.165,6.0606060606060606,1.9912404e-05
0.16527777777777777,6.050420168067227,1.8953133e-05
0.16555555555555557,6.040268456375839,1.8069177e-05
0.16583333333333333,6.030150753768845,1.8097558e-05
0.1661111111111111,6.0200668896321075,1.807269e-05
0.1663888888888889,6.010016694490818,1.8343178e-05
0.16666666666666666,6.0,1.8707537e-05
0.16694444444444445,5.990016638935108,1.7996723e-05
0.16722222222222222,5.980066445182724,1.7116603e-05
0.1675,5.970149253731343,1.7800467e-05
0.16777777777777778,5.960264900662252,1.8032346e-05
0.16805555555555557,5.950413223140496,1.853146e-05
0.16833333333333333,5.9405940594059405,1.871535e-05
0.1686111111111111,5.930807248764416,1.8389832e-05
0.1688888888888889,5.921052631578947,1.7888045e-05
0.16916666666666666,5.911330049261084,1.7526816e-05
0.16944444444444445,5.9016393442622945,1.6898259e-05
0.16972222222222222,5.8919803600654665,1.7221644e-05
0.17,5.88235294117647,1.7891025e-05
0.17027777777777778,5.872756933115824,1.8238059e-05
0.17055555555555554,5.863192182410424,1.8234141e-05
0.17083333333333334,5.853658536585366,1.7524462e-05
0.1711111111111111,5.8441558441558445,1.6121132e-05
0.1713888888888889,5.834683954619124,1.6569733e-05
0.17166666666666666,5.825242718446602,1.717976e-05
0.17194444444444446,5.815831987075929,1.6513399e-05
0.17222222222222222,5.806451612903226,1.6430218e-05
0.1725,5.797101449275363,1.6655033e-05
0.17277777777777778,5.787781350482315,1.6572052e-05
0.17305555555555555,5.778491171749599,1.6619679e-05
0.17333333333333334,5.769230769230769,1.675502e-05
0.1736111111111111,5.76,1.6335507e-05
0.1738888888888889,5.7507987220447285,1.7069573e-05
0.17416666666666666,5.741626794258373,1.6504222e-05
0.17444444444444446,5.732484076433121,1.6815908e-05
0.17472222222222222,5.723370429252782,1.6429436e-05
0.175,5.714285714285714,1.603693e-05
0.17527777777777778,5.7052297939778125,1.5796568e-05
0.17555555555555555,5.69620253164557,1.5708758e-05
0.17583333333333334,5.687203791469194,1.5623567e-05
0.1761111111111111,5.678233438485805,1.5665002e-05
0.1763888888888889,5.669291338582677,1.5761983e-05
0.17666666666666667,5.660377358490566,1.6172831e-05
0.17694444444444443,5.651491365777081,1.6169775e-05
0.17722222222222223,5.6426332288401255,1.6360893e-05
0.1775,5.633802816901409,1.5543821e-05
0.17777777777777778,5.625,1.4962046e-05
0.17805555555555555,5.61622464898596,1.6013919e-05
0.17833333333333334,5.607476635514018,1.6330216e-05
0.1786111111111111,5.598755832037325,1.5878679e-05
0.17888888888888888,5.590062111801243,1.5109531e-05
0.17916666666666667,5.5813953488372094,1.5570891e-05
0.17944444444444443,5.572755417956657,1.4739378e-05
0.17972222222222223,5.564142194744977,1.4190525e-05
0.18,5.555555555555555,1.4984631e-05
0.1802777777777778,5.546995377503852,1.4833867e-05
0.18055555555555555,5.538461538461538,1.5458465e-05
0.18083333333333335,5.529953917050691,1.5793636e-05
0.1811111111111111,5.521472392638037,1.5687192e-05
0.18138888888888888,5.51301684532925,1.4822427e-05
0.18166666666666667,5.504587155963303,1.4759597e-05
0.18194444444444444,5.4961832061068705,1.4456872e-05
0.18222222222222223,5.48780487804878,1.47286555e-05
0.1825,5.47945205479452,1.4734231e-05
0.1827777777777778,5.47112462006079,1.4903326e-05
0.18305555555555555,5.462822458270106,1.444524e-05
0.18333333333333332,5.454545454545455,1.45746935e-05
0.1836111111111111,5.446293494704992,1.4360574e-05
0.18388888888888888,5.438066465256798,1.4467183e-05
0.18416666666666667,5.429864253393665,1.504591e-05
0.18444444444444444,5.421686746987952,1.4409471e-05
0.18472222222222223,5.413533834586466,1.5107233e-05
0.185,5.405405405405405,1.4297716e-05
0.1852777777777778,5.397301349325337,1.40465945e-05
0.18555555555555556,5.389221556886228,1.4646696e-05
0.18583333333333332,5.381165919282512,1.47682695e-05
0.18611111111111112,5.3731343283582085,1.5445486e-05
0.18638888888888888,5.365126676602086,1.535693e-05
0.18666666666666668,5.357142857142857,1.4521953e-05
0.18694444444444444,5.3491827637444285,1.47788505e-05
0.18722222222222223,5.341246290801187,1.4081934e-05
0.1875,5.333333333333333,1.381656e-05
0.18777777777777777,5.325443786982249,1.43535535e-05
0.18805555555555556,5.317577548005908,1.4445087e-05
0.18833333333333332,5.3097345132743365,1.4375922e-05
0.18861111111111112,5.3019145802650955,1.36603585e-05
0.18888888888888888,5.294117647058823,1.3213787e-05
0.18916666666666668,5.286343612334801,1.39847e-05
0.18944444444444444,5.278592375366569,1.4323784e-05
0.1897222222222222,5.27086383601757,1.449874e-05
0.19,5.2631578947368425,1.451396e-05
0.19027777777777777,5.255474452554745,1.4356329e-05
0.19055555555555556,5.247813411078717,1.454408e-05
0.19083333333333333,5.240174672489083,1.4437168e-05
0.19111111111111112,5.232558139534883,1.4132654e-05
0.1913888888888889,5.2249637155297535,1.3621944e-05
0.19166666666666668,5.217391304347826,1.418234e-05
0.19194444444444445,5.209840810419681,1.40666325e-05
0.1922222222222222,5.202312138728324,1.4212993e-05
0.1925,5.194805194805195,1.39013e-05
0.19277777777777777,5.187319884726225,1.4111575e-05
0.19305555555555556,5.179856115107913,1.3301152e-05
0.19333333333333333,5.172413793103448,1.3050086e-05
0.19361111111111112,5.164992826398852,1.3529209e-05
0.1938888888888889,5.157593123209169,1.3794363e-05
0.19416666666666665,5.150214592274678,1.4003629e-05
0.19444444444444445,5.142857142857142,1.4154236e-05
0.1947222222222222,5.1355206847360915,1.3644775e-05
0.195,5.128205128205128,1.3596205e-05
0.19527777777777777,5.120910384068279,1.348084e-05
0.19555555555555557,5.113636363636363,1.4006526e-05
0.19583333333333333,5.1063829787234045,1.41802775e-05
0.1961111111111111,5.09915014164306,1.4503547e-05
0.1963888888888889,5.091937765205092,1.3876386e-05
0.19666666666666666,5.084745762711865,1.34534575e-05
0.19694444444444445,5.077574047954866,1.3763387e-05
0.19722222222222222,5.070422535211268,1.3427427e-05
0.1975,5.063291139240506,1.2632244e-05
0.19777777777777777,5.056179775280899,1.3049752e-05
0.19805555555555557,5.049088359046283,1.3696611e-05
0.19833333333333333,5.042016806722689,1.3458889e-05
0.1986111111111111,5.034965034965035,1.370024e-05
0.1988888888888889,5.027932960893855,1.352325e-05
0.19916666666666666,5.02092050209205,1.373452e-05
0.19944444444444445,5.013927576601671,1.4409799e-05
0.19972222222222222,5.006954102920723,1.4843877e-05
0.2,5.0,1.4783786e-05
0.20027777777777778,4.993065187239945,1.3417331e-05
0.20055555555555554,4.986149584487535,1.3511491e-05
0.20083333333333334,4.979253112033195,1.3511689e-05
0.2011111111111111,4.972375690607735,1.3375754e-05
0.2013888888888889,4.9655172413793105,1.2904113e-05
0.20166666666666666,4.958677685950414,1.29969485e-05
0.20194444444444445,4.951856946354883,1.2664025e-05
0.20222222222222222,4.945054945054945,1.3252951e-05
0.2025,4.938271604938271,1.3060725e-05
0.20277777777777778,4.931506849315069,1.2985331e-05
0.20305555555555554,4.924760601915185,1.30655935e-05
0.20333333333333334,4.918032786885246,1.2681535e-05
0.2036111111111111,4.911323328785812,1.2931701e-05
0.2038888888888889,4.9046321525885554,1.33997e-05
0.20416666666666666,4.8979591836734695,1.2986038e-05
0.20444444444444446,4.891304347826087,1.295461e-05
0.20472222222222222,4.884667571234735,1.27490475e-05
0.205,4.878048780487805,1.3067577e-05
0.20527777777777778,4.871447902571042,1.3297716e-05
0.20555555555555555,4.864864864864865,1.3218938e-05
0.20583333333333334,4.8582995951417,1.2676626e-05
0.2061111111111111,4.8517520215633425,1.3237185e-05
0.2063888888888889,4.845222072678331,1.3047338e-05
0.20666666666666667,4.838709677419355,1.2393144e-05
0.20694444444444443,4.832214765100671,1.2433633e-05
0.20722222222222222,4.825737265415549,1.27966005e-05
0.2075,4.819277108433735,1.2759471e-05
0.20777777777777778,4.81283422459893,1.218555e-05
0.20805555555555555,4.806408544726302,1.23737545e-05
0.20833333333333334,4.8,1.2391091e-05
0.2086111111111111,4.793608521970706,1.2451607e-05
0.2088888888888889,4.787234042553191,1.3226141e-05
0.20916666666666667,4.780876494023905,1.3326258e-05
0.20944444444444443,4.774535809018568,1.287559e-05
0.20972222222222223,4.768211920529801,1.2452435e-05
0.21,4.761904761904762,1.232086e-05
0.21027777777777779,4.755614266842801,1.2814396e-05
0.21055555555555555,4.74934036939314,1.2975397e-05
0.21083333333333334,4.743083003952569,1.23032105e-05
0.2111111111111111,4.7368421052631575,1.1997955e-05
0.21138888888888888,4.730617608409987,1.2268605e-05
0.21166666666666667,4.724409448818897,1.1724325e-05
0.21194444444444444,4.71821756225426,1.220664e-05
0.21222222222222223,4.712041884816753,1.2697153e-05
0.2125,4.705882352941177,1.191869e-05
0.2127777777777778,4.699738903394255,1.2070304e-05
0.21305555555555555,4.69361147327249,1.2510796e-05
0.21333333333333332,4.6875,1.2923506e-05
0.2136111111111111,4.6814044213263974,1.2755138e-05
0.21388888888888888,4.675324675324676,1.2209976e-05
0.21416666666666667,4.669260700389105,1.2688126e-05
0.21444444444444444,4.663212435233161,1.2581079e-05
0.21472222222222223,4.657179818887451,1.2902436e-05
0.215,4.651162790697675,1.2805757e-05
0.2152777777777778,4.64516129032258,1.2435121e-05
0.21555555555555556,4.639175257731959,1.2638897e-05
0.21583333333333332,4.633204633204634,1.2255634e-05
0.21611111111111111,4.627249357326478,1.20781415e-05
0.21638888888888888,4.621309370988447,1.2779724e-05
0.21666666666666667,4.615384615384615,1.2737204e-05
0.21694444444444444,4.609475032010243,1.2122445e-05
0.21722222222222223,4.603580562659847,1.2187426e-05
0.2175,4.597701149425287,1.1296405e-05
0.21777777777777776,4.591836734693878,1.1930031e-05
0.21805555555555556,4.585987261146497,1.2265831e-05
0.21833333333333332,4.580152671755726,1.2052664e-05
0.21861111111111112,4.5743329097839895,1.2217451e-05
0.21888888888888888,4.568527918781726,1.1979073e-05
0.21916666666666668,4.562737642585551,1.2174615e-05
0.21944444444444444,4.556962025316456,1.2204698e-05
0.21972222222222224,4.551201011378002,1.2069412e-05
0.22,4.545454545454546,1.1807053e-05
0.22027777777777777,4.539722572509458,1.22501615e-05
0.22055555555555556,4.534005037783375,1.24960225e-05
0.22083333333333333,4.528301886792453,1.2138988e-05
0.22111111111111112,4.522613065326633,1.1244248e-05
0.22138888888888889,4.51693851944793,1.1926545e-05
0.22166666666666668,4.511278195488722,1.1831182e-05
0.22194444444444444,4.505632040050062,1.1702855e-05
0.2222222222222222,4.5,1.2100549e-05
0.2225,4.49438202247191,1.2199879e-05
0.22277777777777777,4.488778054862843,1.2732805e-05
0.22305555555555556,4.483188044831881,1.1539386e-05
0.22333333333333333,4.477611940298508,1.1684394e-05
0.22361111111111112,4.472049689440993,1.1994075e-05
0.2238888888888889,4.4665012406947895,1.2280453e-05
0.22416666666666665,4.4609665427509295,1.2253601e-05
0.22444444444444445,4.455445544554456,1.25513425e-05
0.2247222222222222,4.449938195302844,1.23246e-05
0.225,4.444444444444445,1.1751455e-05
0.22527777777777777,4.438964241676942,1.1292939e-05
0.22555555555555556,4.433497536945812,1.1618074e-05
0.22583333333333333,4.428044280442805,1.1518081e-05
0.22611111111111112,4.422604422604422,1.1361865e-05
0.2263888888888889,4.41717791411043,1.1622646e-05
0.22666666666666666,4.411764705882353,1.27427365e-05
0.22694444444444445,4.406364749082007,1.2192464e-05
0.22722222222222221,4.400977995110025,1.1344383e-05
0.2275,4.395604395604395,1.135656e-05
0.22777777777777777,4.390243902439025,1.1669383e-05
0.22805555555555557,4.38489646772229,1.1819341e-05
0.22833333333333333,4.37956204379562,1.2286539e-05
0.2286111111111111,4.374240583232078,1.2494643e-05
0.2288888888888889,4.368932038834951,1.2061563e-05
0.22916666666666666,4.363636363636364,1.3050049e-05
0.22944444444444445,4.358353510895884,1.2406438e-05
0.22972222222222222,4.353083434099154,1.2148721e-05
0.23,4.3478260869565215,1.2251159e-05
0.23027777777777778,4.342581423401689,1.2643912e-05
0.23055555555555557,4.337349397590361,1.2795015e-05
0.23083333333333333,4.332129963898917,1.2582029e-05
0.2311111111111111,4.3269230769230775,1.1217022e-05
0.2313888888888889,4.321728691476591,1.1562292e-05
0.23166666666666666,4.316546762589928,1.2084307e-05
0.23194444444444445,4.311377245508982,1.1636254e-05
0.23222222222222222,4.30622009569378,1.1997511e-05
0.2325,4.301075268817204,1.2158711e-05
0.23277777777777778,4.2959427207637235,1.2239454e-05
0.23305555555555554,4.290822407628129,1.1500263e-05
0.23333333333333334,4.285714285714286,1.19256165e-05
0.2336111111111111,4.280618311533888,1.21969615e-05
0.2338888888888889,4.275534441805226,1.2425808e-05
0.23416666666666666,4.270462633451958,1.1806058e-05
0.23444444444444446,4.265402843601896,1.18534e-05
0.23472222222222222,4.260355029585799,1.2029349e-05
0.235,4.25531914893617,1.2152525e-05
0.23527777777777778,4.250295159386068,1.26385e-05
0.23555555555555555,4.245283018867925,1.2230041e-05
0.23583333333333334,4.240282685512367,1.1951673e-05
0.2361111111111111,4.235294117647059,1.23068985e-05
0.2363888888888889,4.230317273795534,1.2416795e-05
0.23666666666666666,4.225352112676056,1.2475858e-05
0.23694444444444446,4.220398593200469,1.2607183e-05
0.23722222222222222,4.215456674473068,1.21457215e-05
0.2375,4.2105263157894735,1.2086268e-05
0.23777777777777778,4.205607476635514,1.1573069e-05
0.23805555555555555,4.200700116686114,1.1323131e-05
0.23833333333333334,4.195804195804196,1.1937216e-05
0.2386111111111111,4.190919674039581,1.2259507e-05
0.2388888888888889,4.186046511627906,1.2134142e-05
0.23916666666666667,4.181184668989547,1.2125288e-05
0.23944444444444443,4.176334106728539,1.1304825e-05
0.23972222222222223,4.171494785631518,1.1792016e-05
0.24,4.166666666666667,1.1702084e-05
0.24027777777777778,4.161849710982659,1.2154413e-05
0.24055555555555555,4.157043879907621,1.1645185e-05
0.24083333333333334,4.1522491349480966,1.2190283e-05
0.2411111111111111,4.147465437788019,1.2483677e-05
0.24138888888888888,4.142692750287687,1.1718064e-05
0.24166666666666667,4.137931034482759,1.1693536e-05
0.24194444444444443,4.133180252583238,1.23773825e-05
0.24222222222222223,4.128440366972477,1.1282004e-05
0.2425,4.123711340206186,1.1318855e-05
0.2427777777777778,4.118993135011442,1.17255695e-05
0.24305555555555555,4.114285714285715,1.210206e-05
0.24333333333333335,4.10958904109589,1.2646746e-05
0.2436111111111111,4.104903078677309,1.2840974e-05
0.24388888888888888,4.100227790432802,1.267821e-05
0.24416666666666667,4.09556313993174,1.2673874e-05
0.24444444444444444,4.090909090909091,1.2376348e-05
0.24472222222222223,4.086265607264472,1.231235e-05
0.245,4.081632653061225,1.2584905e-05
0.2452777777777778,4.077010192525481,1.1962952e-05
0.24555555555555555,4.072398190045249,1.2026865e-05
0.24583333333333332,4.067796610169491,1.2966652e-05
0.2461111111111111,4.063205417607223,1.2632207e-05
0.24638888888888888,4.058624577226607,1.1830628e-05
0.24666666666666667,4.054054054054054,1.2285513e-05
0.24694444444444444,4.049493813273341,1.2753636e-05
0.24722222222222223,4.044943820224719,1.2831771e-05
0.2475,4.040404040404041,1.2119225e-05
0.2477777777777778,4.0358744394618835,1.1898864e-05
0.24805555555555556,4.031354983202688,1.2093549e-05
0.24833333333333332,4.026845637583893,1.1991938e-05
0.24861111111111112,4.022346368715084,1.16423835e-05
0.24888888888888888,4.017857142857143,1.20290615e-05
0.24916666666666668,4.013377926421405,1.2921178e-05
0.24944444444444444,4.008908685968819,1.2906384e-05
0.24972222222222223,4.004449388209121,1.3415165e-05
0.25,4.0,1.4560735e-05
0.25027777777777777,3.9955604883462823,1.3678159e-05
0.25055555555555553,3.9911308203991136,1.3027627e-05
0.25083333333333335,3.9867109634551494,1.2808264e-05
0.2511111111111111,3.982300884955752,1.1966792e-05
0.2513888888888889,3.977900552486188,1.2435166e-05
0.25166666666666665,3.9735099337748347,1.2104202e-05
0.25194444444444447,3.969128996692392,1.2499496e-05
0.25222222222222224,3.964757709251101,1.2501359e-05
0.2525,3.9603960396039604,1.235762e-05
0.25277777777777777,3.956043956043956,1.2632243e-05
0.25305555555555553,3.9517014270032935,1.2741437e-05
0.25333333333333335,3.9473684210526314,1.1903507e-05
0.2536111111111111,3.9430449069003286,1.2455624e-05
0.2538888888888889,3.938730853391685,1.2810371e-05
0.25416666666666665,3.934426229508197,1.1715132e-05
0.2544444444444444,3.9301310043668125,1.1556871e-05
0.25472222222222224,3.9258451472191926,1.2091411e-05
0.255,3.9215686274509802,1.2436815e-05
0.25527777777777777,3.9173014145810665,1.278149e-05
0.25555555555555554,3.91304347826087,1.2242856e-05
0.25583333333333336,3.908794788273615,1.2594292e-05
0.2561111111111111,3.9045553145336225,1.323442e-05
0.2563888888888889,3.9003250270855903,1.2763013e-05
0.25666666666666665,3.8961038961038965,1.2660007e-05
0.2569444444444444,3.891891891891892,1.3084205e-05
0.25722222222222224,3.8876889848812093,1.3514085e-05
0.2575,3.883495145631068,1.37048355e-05
0.2577777777777778,3.8793103448275863,1.295225e-05
0.25805555555555554,3.8751345532831003,1.3216645e-05
0.25833333333333336,3.8709677419354835,1.2868639e-05
0.2586111111111111,3.8668098818474754,1.2878379e-05
0.2588888888888889,3.8626609442060085,1.3279658e-05
0.25916666666666666,3.8585209003215435,1.2982185e-05
0.2594444444444444,3.8543897216274092,1.2676069e-05
0.25972222222222224,3.8502673796791442,1.2519501e-05
0.26,3.846153846153846,1.2516341e-05
0.2602777777777778,3.84204909284952,1.2705239e-05
0.26055555555555554,3.8379530916844353,1.3006333e-05
0.2608333333333333,3.833865814696486,1.33047615e-05
0.2611111111111111,3.829787234042553,1.3030907e-05
0.2613888888888889,3.8257173219978746,1.2466815e-05
0.26166666666666666,3.821656050955414,1.270866e-05
0.2619444444444444,3.8176033934252387,1.252552e-05
0.26222222222222225,3.813559322033898,1.2379882e-05
0.2625,3.8095238095238093,1.2435295e-05
0.2627777777777778,3.8054968287526427,1.2463635e-05
0.26305555555555554,3.801478352692714,1.3398058e-05
0.2633333333333333,3.79746835443038,1.3375776e-05
0.26361111111111113,3.793466807165437,1.2701907e-05
0.2638888888888889,3.789473684210526,1.29579785e-05
0.26416666666666666,3.7854889589905363,1.27436315e-05
0.2644444444444444,3.781512605042017,1.2595335e-05
0.26472222222222225,3.7775445960125915,1.2512813e-05
0.265,3.773584905660377,1.2651946e-05
0.2652777777777778,3.769633507853403,1.2799303e-05
0.26555555555555554,3.765690376569038,1.2409177e-05
0.2658333333333333,3.7617554858934175,1.1809104e-05
0.26611111111111113,3.7578288100208765,1.2296162e-05
0.2663888888888889,3.753910323253389,1.3281499e-05
0.26666666666666666,3.75,1.2938288e-05
0.26694444444444443,3.746097814776275,1.2746241e-05
0.2672222222222222,3.7422037422037424,1.2859092e-05
0.2675,3.7383177570093458,1.3180701e-05
0.2677777777777778,3.7344398340248963,1.3487066e-05
0.26805555555555555,3.7305699481865284,1.2863319e-05
0.2683333333333333,3.726708074534162,1.2623227e-05
0.26861111111111113,3.7228541882109614,1.24311655e-05
0.2688888888888889,3.71900826446281,1.2360597e-05
0.26916666666666667,3.7151702786377707,1.2261522e-05
0.26944444444444443,3.711340206185567,1.2836616e-05
0.2697222222222222,3.7075180226570548,1.2688386e-05
0.27,3.7037037037037033,1.25102515e-05
0.2702777777777778,3.699897225077081,1.1972972e-05
0.27055555555555555,3.696098562628337,1.243948e-05
0.2708333333333333,3.6923076923076925,1.2531364e-05
0.27111111111111114,3.6885245901639343,1.2375722e-05
0.2713888888888889,3.68474923234391,1.22958945e-05
0.27166666666666667,3.6809815950920246,1.2030317e-05
0.27194444444444443,3.677221654749745,1.2137535e-05
0.2722222222222222,3.6734693877551026,1.2149892e-05
0.2725,3.6697247706422016,1.2331289e-05
0.2727777777777778,3.6659877800407332,1.1949653e-05
0.27305555555555555,3.6622583926754833,1.2927817e-05
0.2733333333333333,3.658536585365854,1.2661567e-05
0.27361111111111114,3.6548223350253806,1.2261648e-05
0.2738888888888889,3.6511156186612572,1.2435297e-05
0.27416666666666667,3.6474164133738602,1.2325038e-05
0.27444444444444444,3.6437246963562755,1.2517178e-05
0.2747222222222222,3.6400404448938324,1.2028893e-05
0.275,3.6363636363636362,1.2363228e-05
0.2752777777777778,3.632694248234107,1.3102751e-05
0.27555555555555555,3.629032258064516,1.3830343e-05
0.2758333333333333,3.6253776435045317,1.351669e-05
0.2761111111111111,3.6217303822937628,1.3369535e-05
0.2763888888888889,3.618090452261306,1.3159299e-05
0.27666666666666667,3.6144578313253013,1.37811085e-05
0.27694444444444444,3.6108324974924777,1.4389712e-05
0.2772222222222222,3.6072144288577155,1.4346952e-05
0.2775,3.603603603603603,1.3309944e-05
0.2777777777777778,3.5999999999999996,1.3368097e-05
0.27805555555555556,3.5964035964035963,1.3473114e-05
0.2783333333333333,3.5928143712574854,1.2766998e-05
0.2786111111111111,3.589232303090728,1.2433199e-05
0.2788888888888889,3.585657370517928,1.3172624e-05
0.2791666666666667,3.582089552238806,1.346182e-05
0.27944444444444444,3.5785288270377733,1.2938047e-05
0.2797222222222222,3.574975173783516,1.3267937e-05
0.28,3.571428571428571,1.3231269e-05
0.2802777777777778,3.5678889990089195,1.3037195e-05
0.28055555555555556,3.5643564356435644,1.24426015e-05
0.2808333333333333,3.5608308605341246,1.2206164e-05
0.2811111111111111,3.557312252964427,1.2740027e-05
0.2813888888888889,3.5538005923000986,1.360581e-05
0.2816666666666667,3.5502958579881656,1.3602276e-05
0.28194444444444444,3.5467980295566504,1.30177905e-05
0.2822222222222222,3.5433070866141736,1.289044e-05
0.2825,3.5398230088495577,1.3274991e-05
0.2827777777777778,3.536345776031434,1.3454381e-05
0.28305555555555556,3.5328753680078506,1.3886075e-05
0.2833333333333333,3.5294117647058822,1.3643311e-05
0.2836111111111111,3.525954946131244,1.3437058e-05
0.2838888888888889,3.522504892367906,1.31085735e-05
0.2841666666666667,3.5190615835777126,1.3079696e-05
0.28444444444444444,3.515625,1.3707767e-05
0.2847222222222222,3.5121951219512195,1.3337063e-05
0.285,3.5087719298245617,1.29059445e-05
0.2852777777777778,3.505355404089581,1.3047051e-05
0.28555555555555556,3.501945525291829,1.3638099e-05
0.28583333333333333,3.498542274052478,1.4381243e-05
0.2861111111111111,3.4951456310679614,1.4162798e-05
0.2863888888888889,3.491755577109602,1.39368685e-05
0.2866666666666667,3.488372093023256,1.3752579e-05
0.28694444444444445,3.484995159728945,1.3515039e-05
0.2872222222222222,3.481624758220503,1.3355491e-05
0.2875,3.4782608695652177,1.4265391e-05
0.2877777777777778,3.4749034749034746,1.4661222e-05
0.28805555555555556,3.4715525554484086,1.41171395e-05
0.28833333333333333,3.468208092485549,1.3873602e-05
0.2886111111111111,3.4648700673724737,1.3665031e-05
0.28888888888888886,3.4615384615384617,1.3491854e-05
0.2891666666666667,3.4582132564841497,1.3192082e-05
0.28944444444444445,3.45489443378119,1.3697532e-05
0.2897222222222222,3.451581975071908,1.3733843e-05
0.29,3.4482758620689657,1.2970785e-05
0.2902777777777778,3.4449760765550237,1.32617315e-05
0.29055555555555557,3.4416826003824093,1.3674702e-05
0.29083333333333333,3.438395415472779,1.420168e-05
0.2911111111111111,3.435114503816794,1.3529325e-05
0.29138888888888886,3.431839847473785,1.3527289e-05
0.2916666666666667,3.4285714285714284,1.31112965e-05
0.29194444444444445,3.4253092293054235,1.3293506e-05
0.2922222222222222,3.4220532319391634,1.3912479e-05
0.2925,3.418803418803419,1.4000319e-05
0.2927777777777778,3.4155597722960147,1.4365428e-05
0.29305555555555557,3.4123222748815163,1.4460365e-05
0.29333333333333333,3.409090909090909,1.4042429e-05
0.2936111111111111,3.4058656575212867,1.3773481e-05
0.29388888888888887,3.402646502835539,1.457627e-05
0.2941666666666667,3.3994334277620393,1.4809405e-05
0.29444444444444445,3.3962264150943393,1.4482463e-05
0.2947222222222222,3.393025447690858,1.4388278e-05
0.295,3.3898305084745766,1.4321597e-05
0.29527777777777775,3.386641580432738,1.45243675e-05
0.29555555555555557,3.3834586466165413,1.5185257e-05
0.29583333333333334,3.380281690140845,1.5101568e-05
0.2961111111111111,3.377110694183865,1.4953005e-05
0.29638888888888887,3.373945641986879,1.4557649e-05
0.2966666666666667,3.3707865168539324,1.4888543e-05
0.29694444444444446,3.3676333021515434,1.4346001e-05
0.2972222222222222,3.364485981308411,1.4291727e-05
0.2975,3.361344537815126,1.4632656e-05
0.29777777777777775,3.3582089552238807,1.4491658e-05
0.2980555555555556,3.3550792171481825,1.4656967e-05
0.29833333333333334,3.35195530726257,1.5180152e-05
0.2986111111111111,3.3488372093023258,1.5294327e-05
0.29888888888888887,3.345724907063197,1.4363757e-05
0.2991666666666667,3.342618384401114,1.4994569e-05
0.29944444444444446,3.339517625231911,1.4718456e-05
0.2997222222222222,3.336422613531047,1.528049e-05
0.3,3.3333333333333335,1.6666885e-05
0.30027777777777775,3.330249768732655,1.537747e-05
0.3005555555555556,3.3271719038817005,1.4991442e-05
0.30083333333333334,3.3240997229916895,1.4878409e-05
0.3011111111111111,3.321033210332103,1.4840577e-05
0.3013888888888889,3.317972350230415,1.4886695e-05
0.3016666666666667,3.3149171270718227,1.4689537e-05
0.30194444444444446,3.3118675252989878,1.4580826e-05
0.3022222222222222,3.3088235294117645,1.4946468e-05
0.3025,3.3057851239669422,1.5059794e-05
0.30277777777777776,3.302752293577982,1.6190763e-05
0.3030555555555556,3.2997250229147568,1.7684339e-05
0.30333333333333334,3.2967032967032965,1.7661343e-05
0.3036111111111111,3.2936870997255263,1.7613285e-05
0.3038888888888889,3.290676416819013,1.7155044e-05
0.30416666666666664,3.2876712328767126,1.6465368e-05
0.30444444444444446,3.284671532846715,1.6291664e-05
0.3047222222222222,3.2816773017319965,1.6720322e-05
0.305,3.278688524590164,1.6757183e-05
0.30527777777777776,3.2757051865332123,1.6015314e-05
0.3055555555555556,3.2727272727272725,1.5232865e-05
0.30583333333333335,3.2697547683923704,1.538263e-05
0.3061111111111111,3.266787658802178,1.5446774e-05
0.3063888888888889,3.2638259292837715,1.5772479e-05
0.30666666666666664,3.2608695652173916,1.621309e-05
0.30694444444444446,3.257918552036199,1.529034e-05
0.30722222222222223,3.2549728752260396,1.5499087e-05
0.3075,3.252032520325203,1.4870319e-05
0.30777777777777776,3.2490974729241877,1.5733083e-05
0.3080555555555556,3.2461677186654643,1.6510803e-05
0.30833333333333335,3.243243243243243,1.5945647e-05
0.3086111111111111,3.2403240324032403,1.5890075e-05
0.3088888888888889,3.2374100719424463,1.7062706e-05
0.30916666666666665,3.2345013477088953,1.6962027e-05
0.30944444444444447,3.231597845601436,1.5862766e-05
0.30972222222222223,3.2286995515695067,1.6540238e-05
0.31,3.2258064516129035,1.6899328e-05
0.31027777777777776,3.222918531781558,1.6538052e-05
0.31055555555555553,3.2200357781753133,1.6394197e-05
0.31083333333333335,3.2171581769436997,1.6339869e-05
0.3111111111111111,3.2142857142857144,1.5922344e-05
0.3113888888888889,3.2114183764495987,1.5515834e-05
0.31166666666666665,3.2085561497326207,1.5838907e-05
0.31194444444444447,3.2056990204808544,1.5807529e-05
0.31222222222222223,3.202846975088968,1.6279404e-05
0.3125,3.2,1.6769087e-05
0.31277777777777777,3.197158081705151,1.6528997e-05
0.31305555555555553,3.194321206743567,1.699812e-05
0.31333333333333335,3.1914893617021276,1.7184113e-05
0.3136111111111111,3.1886625332152345,1.6278964e-05
0.3138888888888889,3.185840707964602,1.6037604e-05
0.31416666666666665,3.1830238726790454,1.5329248e-05
0.31444444444444447,3.1802120141342756,1.5881844e-05
0.31472222222222224,3.177405119152692,1.6423806e-05
0.315,3.1746031746031744,1.7017306e-05
0.31527777777777777,3.1718061674008813,1.6457645e-05
0.31555555555555553,3.1690140845070425,1.5651725e-05
0.31583333333333335,3.1662269129287597,1.6127666e-05
0.3161111111111111,3.1634446397188047,1.6986345e-05
0.3163888888888889,3.160667251975417,1.6757916e-05
0.31666666666666665,3.1578947368421053,1.7102086e-05
0.3169444444444444,3.15512708150745,1.7446668e-05
0.31722222222222224,3.1523642732049035,1.716475e-05
0.3175,3.149606299212598,1.693391e-05
0.31777777777777777,3.146853146853147,1.666901e-05
0.31805555555555554,3.14410480349345,1.7303553e-05
0.31833333333333336,3.1413612565445024,1.6794687e-05
0.3186111111111111,3.138622493461203,1.7050981e-05
0.3188888888888889,3.1358885017421603,1.6482916e-05
0.31916666666666665,3.133159268929504,1.724938e-05
0.3194444444444444,3.130434782608696,1.7377133e-05
0.31972222222222224,3.1277150304083405,1.73673e-05
0.32,3.125,1.734716e-05
0.3202777777777778,3.1222896790980053,1.7272043e-05
0.32055555555555554,3.1195840554592724,1.7781109e-05
0.32083333333333336,3.1168831168831166,1.8268487e-05
0.3211111111111111,3.1141868512110724,1.7497909e-05
0.3213888888888889,3.111495246326707,1.6976806e-05
0.32166666666666666,3.1088082901554404,1.7030397e-05
0.3219444444444444,3.1061259706643662,1.7323791e-05
0.32222222222222224,3.103448275862069,1.7688848e-05
0.3225,3.1007751937984493,1.759607e-05
0.3227777777777778,3.098106712564544,1.7712679e-05
0.32305555555555554,3.0954428202923476,1.78615e-05
0.3233333333333333,3.0927835051546393,1.8599496e-05
0.3236111111111111,3.0901287553648067,1.7668435e-05
0.3238888888888889,3.0874785591766725,1.7670538e-05
0.32416666666666666,3.084832904884319,1.7394394e-05
0.3244444444444444,3.082191780821918,1.7921302e-05
0.32472222222222225,3.0795551753635584,1.7613143e-05
0.325,3.0769230769230766,1.7390552e-05
0.3252777777777778,3.0742954739538857,1.778761e-05
0.32555555555555554,3.0716723549488054,1.777338e-05
0.3258333333333333,3.069053708439898,1.8328328e-05
0.32611111111111113,3.066439522998296,1.9249479e-05
0.3263888888888889,3.0638297872340425,1.935878e-05
0.32666666666666666,3.061224489795918,1.8359891e-05
0.3269444444444444,3.058623619371283,1.8208682e-05
0.32722222222222225,3.0560271646859083,1.8759816e-05
0.3275,3.0534351145038165,1.9124784e-05
0.3277777777777778,3.0508474576271185,1.9227848e-05
0.32805555555555554,3.048264182895851,1.7382219e-05
0.3283333333333333,3.0456852791878175,1.7081282e-05
0.32861111111111113,3.0431107354184275,1.8153112e-05
0.3288888888888889,3.0405405405405403,1.87066e-05
0.32916666666666666,3.037974683544304,1.8945446e-05
0.32944444444444443,3.0354131534569984,1.8281358e-05
0.3297222222222222,3.0328559393428813,1.822695e-05
0.33,3.0303030303030303,2.0043748e-05
0.3302777777777778,3.027754415475189,2.030984e-05
0.33055555555555555,3.0252100840336134,1.9016548e-05
0.3308333333333333,3.022670025188917,1.8945699e-05
0.33111111111111113,3.0201342281879193,1.9682548e-05
0.3313888888888889,3.017602682313495,1.9379122e-05
0.33166666666666667,3.0150753768844223,1.8582346e-05
0.33194444444444443,3.0125523012552304,1.8046665e-05
0.3322222222222222,3.0100334448160537,1.8821127e-05
0.3325,3.007518796992481,1.8978222e-05
0.3327777777777778,3.005008347245409,1.9081299e-05
0.33305555555555555,3.0025020850708923,1.9829426e-05
0.3333333333333333,3.0,2.0522604e-05
0.33361111111111114,2.9975020815986677,2.0087657e-05
0.3338888888888889,2.995008319467554,2.0308491e-05
0.33416666666666667,2.9925187032418954,2.0847925e-05
0.33444444444444443,2.990033222591362,1.983566e-05
0.3347222222222222,2.987551867219917,1.9516405e-05
0.335,2.9850746268656714,1.9566352e-05
0.3352777777777778,2.9826014913007457,1.9179006e-05
0.33555555555555555,2.980132450331126,1.9973857e-05
0.3358333333333333,2.977667493796526,2.0977177e-05
0.33611111111111114,2.975206611570248,2.0358042e-05
0.3363888888888889,2.972749793559042,2.0274525e-05
0.33666666666666667,2.9702970297029703,2.0842674e-05
0.33694444444444444,2.967848309975268,2.0350131e-05
0.3372222222222222,2.965403624382208,1.96343e-05
0.3375,2.962962962962963,2.0060203e-05
0.3377777777777778,2.9605263157894735,2.0616377e-05
0.33805555555555555,2.9580936729663105,2.003151e-05
0.3383333333333333,2.955665024630542,2.0114265e-05
0.3386111111111111,2.9532403609516,2.0501495e-05
0.3388888888888889,2.9508196721311473,2.0900921e-05
0.33916666666666667,2.9484029484029484,2.0103002e-05
0.33944444444444444,2.9459901800327333,2.022414e-05
0.3397222222222222,2.9435813573180707,2.0350002e-05
0.34,2.941176470588235,2.0442505e-05
0.3402777777777778,2.9387755102040813,1.937523e-05
0.34055555555555556,2.936378466557912,2.016641e-05
0.3408333333333333,2.93398533007335,2.0885576e-05
0.3411111111111111,2.931596091205212,2.0016221e-05
0.3413888888888889,2.9292107404393812,1.9927651e-05
0.3416666666666667,2.926829268292683,2.218232e-05
0.34194444444444444,2.9244516653127537,2.126373e-05
0.3422222222222222,2.9220779220779223,2.0054384e-05
0.3425,2.9197080291970803,1.9993548e-05
0.3427777777777778,2.917341977309562,2.0394345e-05
0.34305555555555556,2.91497975708502,2.0595866e-05
0.3433333333333333,2.912621359223301,2.0801901e-05
0.3436111111111111,2.910266774454325,2.137973e-05
0.3438888888888889,2.9079159935379644,2.1156793e-05
0.3441666666666667,2.9055690072639226,1.9901603e-05
0.34444444444444444,2.903225806451613,2.0605281e-05
0.3447222222222222,2.9008863819500403,2.1194688e-05
0.345,2.8985507246376816,2.2107204e-05
0.3452777777777778,2.8962188254223653,2.2477821e-05
0.34555555555555556,2.8938906752411575,2.2064425e-05
0.3458333333333333,2.891566265060241,2.1889533e-05
0.3461111111111111,2.8892455858747996,2.1557262e-05
0.3463888888888889,2.886928628708901,2.230738e-05
0.3466666666666667,2.8846153846153846,2.1874428e-05
0.34694444444444444,2.8823058446757406,2.1427091e-05
0.3472222222222222,2.88,2.1594673e-05
0.3475,2.877697841726619,2.1302687e-05
0.3477777777777778,2.8753993610223643,2.1440483e-05
0.34805555555555556,2.8731045490822025,2.1413502e-05
0.34833333333333333,2.8708133971291865,2.1839329e-05
0.3486111111111111,2.8685258964143427,2.1215603e-05
0.3488888888888889,2.8662420382165603,2.1288399e-05
0.3491666666666667,2.863961813842482,2.1597472e-05
0.34944444444444445,2.861685214626391,2.0937227e-05
0.3497222222222222,2.8594122319301034,2.2252665e-05
0.35,2.857142857142857,2.245393e-05
0.3502777777777778,2.854877081681205,2.1664579e-05
0.35055555555555556,2.8526148969889062,2.1613288e-05
0.35083333333333333,2.8503562945368173,2.1601465e-05
0.3511111111111111,2.848101265822785,2.1221904e-05
0.35138888888888886,2.8458498023715415,2.2152813e-05
0.3516666666666667,2.843601895734597,2.2243763e-05
0.35194444444444445,2.841357537490134,2.2728696e-05
0.3522222222222222,2.8391167192429023,2.2035636e-05
0.3525,2.8368794326241136,2.2102593e-05
0.3527777777777778,2.8346456692913384,2.1411042e-05
0.35305555555555557,2.832415420928403,2.2664348e-05
0.35333333333333333,2.830188679245283,2.1526252e-05
0.3536111111111111,2.8279654359780046,2.1344858e-05
0.35388888888888886,2.8257456828885403,2.174816e-05
0.3541666666666667,2.8235294117647056,2.126832e-05
0.35444444444444445,2.8213166144200628,2.1868189e-05
0.3547222222222222,2.8191072826938135,2.2537522e-05
0.355,2.8169014084507045,2.2805842e-05
0.3552777777777778,2.8146989835809224,2.214486e-05
0.35555555555555557,2.8125,2.2943006e-05
0.35583333333333333,2.810304449648712,2.2823424e-05
0.3561111111111111,2.80811232449298,2.234259e-05
0.35638888888888887,2.8059236165237724,2.2524577e-05
0.3566666666666667,2.803738317757009,2.1943779e-05
0.35694444444444445,2.801556420233463,2.2080618e-05
0.3572222222222222,2.7993779160186625,2.1618363e-05
0.3575,2.7972027972027975,2.1484948e-05
0.35777777777777775,2.7950310559006213,2.1843804e-05
0.35805555555555557,2.7928626842513573,2.2890834e-05
0.35833333333333334,2.7906976744186047,2.253313e-05
0.3586111111111111,2.78853601859024,2.2607728e-05
0.35888888888888887,2.7863777089783284,2.2734508e-05
0.3591666666666667,2.784222737819025,2.2504748e-05
0.35944444444444446,2.7820710973724885,2.2424672e-05
0.3597222222222222,2.77992277992278,2.2365266e-05
0.36,2.7777777777777777,2.267542e-05
0.36027777777777775,2.7756360832690827,2.3182673e-05
0.3605555555555556,2.773497688751926,2.2850922e-05
0.36083333333333334,2.771362586605081,2.2818473e-05
0.3611111111111111,2.769230769230769,2.269656e-05
0.36138888888888887,2.7671022290545735,2.2354992e-05
0.3616666666666667,2.7649769585253456,2.280798e-05
0.36194444444444446,2.762854950115119,2.3373925e-05
0.3622222222222222,2.7607361963190185,2.3171888e-05
0.3625,2.7586206896551726,2.318251e-05
0.36277777777777775,2.756508422664625,2.247673e-05
0.3630555555555556,2.754399387911247,2.2859367e-05
0.36333333333333334,2.7522935779816513,2.3647459e-05
0.3636111111111111,2.750190985485103,2.3494038e-05
0.3638888888888889,2.7480916030534353,2.2730643e-05
0.3641666666666667,2.7459954233409607,2.2172839e-05
0.36444444444444446,2.74390243902439,2.173976e-05
0.3647222222222222,2.7418126428027416,2.2733493e-05
0.365,2.73972602739726,2.2956814e-05
0.36527777777777776,2.737642585551331,2.3879447e-05
0.3655555555555556,2.735562310030395,2.4555287e-05
0.36583333333333334,2.733485193621868,2.4343803e-05
0.3661111111111111,2.731411229135053,2.3454058e-05
0.3663888888888889,2.7293404094010616,2.3123377e-05
0.36666666666666664,2.7272727272727275,2.3451697e-05
0.36694444444444446,2.7252081756245268,2.4081328e-05
0.3672222222222222,2.723146747352496,2.4668434e-05
0.3675,2.7210884353741496,2.248481e-05
0.36777777777777776,2.719033232628399,2.278973e-05
0.3680555555555556,2.7169811320754715,2.4399264e-05
0.36833333333333335,2.7149321266968327,2.3571e-05
0.3686111111111111,2.712886209495102,2.233216e-05
0.3688888888888889,2.710843373493976,2.2870208e-05
0.36916666666666664,2.708803611738149,2.266662e-05
0.36944444444444446,2.706766917293233,2.2368824e-05
0.36972222222222223,2.70473328324568,2.331783e-05
0.37,2.7027027027027026,2.2779835e-05
0.37027777777777776,2.7006751687921984,2.2376465e-05
0.3705555555555556,2.6986506746626686,2.309991e-05
0.37083333333333335,2.696629213483146,2.2733984e-05
0.3711111111111111,2.694610778443114,2.3199473e-05
0.3713888888888889,2.692595362752431,2.2722083e-05
0.37166666666666665,2.690582959641256,2.1909096e-05
0.37194444444444447,2.68857356235997,2.306852e-05
0.37222222222222223,2.6865671641791042,2.347696e-05
0.3725,2.684563758389262,2.3819111e-05
0.37277777777777776,2.682563338301043,2.3536535e-05
0.37305555555555553,2.680565897244974,2.3497048e-05
0.37333333333333335,2.6785714285714284,2.3602091e-05
0.3736111111111111,2.676579925650558,2.317225e-05
0.3738888888888889,2.6745913818722142,2.2039676e-05
0.37416666666666665,2.6726057906458798,2.2789218e-05
0.37444444444444447,2.6706231454005933,2.2918082e-05
0.37472222222222223,2.6686434395848777,2.2473065e-05
0.375,2.6666666666666665,2.3432192e-05
0.37527777777777777,2.6646928201332347,2.264671e-05
0.37555555555555553,2.6627218934911245,2.2323597e-05
0.37583333333333335,2.6607538802660753,2.1713455e-05
0.3761111111111111,2.658788774002954,2.2697483e-05
0.3763888888888889,2.6568265682656826,2.3423672e-05
0.37666666666666665,2.6548672566371683,2.3730341e-05
0.37694444444444447,2.6529108327192334,2.4042014e-05
0.37722222222222224,2.6509572901325478,2.3037886e-05
0.3775,2.6490066225165565,2.3237904e-05
0.37777777777777777,2.6470588235294117,2.2490576e-05
0.37805555555555553,2.645113886847906,2.2631097e-05
0.37833333333333335,2.6431718061674006,2.2552214e-05
0.3786111111111111,2.641232575201761,2.2588474e-05
0.3788888888888889,2.6392961876832843,2.3421622e-05
0.37916666666666665,2.6373626373626373,2.2691846e-05
0.3794444444444444,2.635431918008785,2.2171644e-05
0.37972222222222224,2.6335040234089244,2.2514272e-05
0.38,2.6315789473684212,2.2248598e-05
0.38027777777777777,2.629656683710738,2.236469e-05
0.38055555555555554,2.6277372262773726,2.183838e-05
0.38083333333333336,2.62582056892779,2.1975651e-05
0.3811111111111111,2.6239067055393583,2.2270857e-05
0.3813888888888889,2.6219956300072833,2.3105924e-05
0.38166666666666665,2.6200873362445414,2.2611655e-05
0.3819444444444444,2.618181818181818,2.169488e-05
0.38222222222222224,2.6162790697674416,2.1338332e-05
0.3825,2.6143790849673203,2.155506e-05
0.3827777777777778,2.6124818577648767,2.1930186e-05
0.38305555555555554,2.610587382160986,2.2641992e-05
0.38333333333333336,2.608695652173913,2.2523029e-05
0.3836111111111111,2.6068066618392467,2.2608849e-05
0.3838888888888889,2.6049204052098407,2.1760385e-05
0.38416666666666666,2.6030368763557483,2.1898017e-05
0.3844444444444444,2.601156069364162,2.1947226e-05
0.38472222222222224,2.5992779783393503,2.1638163e-05
0.385,2.5974025974025974,2.1600728e-05
0.3852777777777778,2.595529920692141,2.0896405e-05
0.38555555555555554,2.5936599423631126,2.0313226e-05
0.3858333333333333,2.591792656587473,2.121441e-05
0.3861111111111111,2.5899280575539567,2.1572285e-05
0.3863888888888889,2.5880661394680087,2.2582846e-05
0.38666666666666666,2.586206896551724,2.1495995e-05
0.3869444444444444,2.5843503230437905,2.127193e-05
0.38722222222222225,2.582496413199426,2.15056e-05
0.3875,2.5806451612903225,2.0880543e-05
0.3877777777777778,2.5787965616045847,2.1085063e-05
0.38805555555555554,2.5769506084466713,2.1417898e-05
0.3883333333333333,2.575107296137339,2.176959e-05
0.38861111111111113,2.573266619013581,2.1352556e-05
0.3888888888888889,2.571428571428571,2.1127085e-05
0.38916666666666666,2.569593147751606,2.0100208e-05
0.3894444444444444,2.5677603423680457,2.085502e-05
0.38972222222222225,2.5659301496792586,2.1418067e-05
0.39,2.564102564102564,2.0393538e-05
0.3902777777777778,2.5622775800711746,2.078931e-05
0.39055555555555554,2.5604551920341394,2.1197719e-05
0.3908333333333333,2.55863539445629,2.0274801e-05
0.39111111111111113,2.5568181818181817,2.0509948e-05
0.3913888888888889,2.55500354861604,2.0534333e-05
0.39166666666666666,2.5531914893617023,2.0404286e-05
0.39194444444444443,2.5513819985825656,2.0410978e-05
0.3922222222222222,2.54957507082153,2.001778e-05
0.3925,2.5477707006369426,1.9226944e-05
0.3927777777777778,2.545968882602546,2.012503e-05
0.39305555555555555,2.5441696113074204,2.116976e-05
0.3933333333333333,2.5423728813559325,2.1071231e-05
0.39361111111111113,2.540578687367678,1.9914185e-05
0.3938888888888889,2.538787023977433,1.9869396e-05
0.39416666666666667,2.536997885835095,1.97179e-05
0.39444444444444443,2.535211267605634,1.9758016e-05
0.3947222222222222,2.5334271639690362,1.9901765e-05
0.395,2.531645569620253,1.9240008e-05
0.3952777777777778,2.5298664792691494,1.9391691e-05
0.39555555555555555,2.5280898876404496,1.976035e-05
0.3958333333333333,2.5263157894736845,1.90223e-05
0.39611111111111114,2.5245441795231414,1.9196848e-05
0.3963888888888889,2.5227750525578134,1.973243e-05
0.39666666666666667,2.5210084033613445,1.9909237e-05
0.39694444444444443,2.5192442267319803,2.0033127e-05
0.3972222222222222,2.5174825174825175,1.9373452e-05
0.3975,2.5157232704402515,1.9044757e-05
0.3977777777777778,2.5139664804469275,1.8668901e-05
0.39805555555555555,2.5122121423586883,1.9988003e-05
0.3983333333333333,2.510460251046025,1.9306715e-05
0.39861111111111114,2.508710801393728,1.8799843e-05
0.3988888888888889,2.5069637883008355,1.8866072e-05
0.39916666666666667,2.5052192066805845,2.0267058e-05
0.39944444444444444,2.5034770514603615,2.0240284e-05
0.3997222222222222,2.501737317581654,2.1333313e-05
0.4,2.5,2.3111152e-05
0.4002777777777778,2.498265093684941,2.0265205e-05
0.40055555555555555,2.4965325936199725,1.9321333e-05
0.4008333333333333,2.494802494802495,1.8753497e-05
0.4011111111111111,2.4930747922437675,1.8550072e-05
0.4013888888888889,2.491349480968858,1.925165e-05
0.40166666666666667,2.4896265560165975,1.8419896e-05
0.40194444444444444,2.48790601243953,1.868511e-05
0.4022222222222222,2.4861878453038675,1.8033088e-05
0.4025,2.484472049689441,1.834115e-05
0.4027777777777778,2.4827586206896552,1.915495e-05
0.40305555555555556,2.4810475534114405,1.7997581e-05
0.4033333333333333,2.479338842975207,1.846875e-05
0.4036111111111111,2.477632484514797,1.8104205e-05
0.4038888888888889,2.4759284731774414,1.774571e-05
0.4041666666666667,2.4742268041237114,1.7883607e-05
0.40444444444444444,2.4725274725274726,1.786089e-05
0.4047222222222222,2.470830473575841,1.6811438e-05
0.405,2.4691358024691357,1.764357e-05
0.4052777777777778,2.467443454420836,1.7505587e-05
0.40555555555555556,2.4657534246575343,1.6722417e-05
0.4058333333333333,2.4640657084188913,1.7493032e-05
0.4061111111111111,2.4623803009575926,1.7369091e-05
0.4063888888888889,2.460697197539303,1.8281173e-05
0.4066666666666667,2.459016393442623,1.7655339e-05
0.40694444444444444,2.4573378839590445,1.8067145e-05
0.4072222222222222,2.455661664392906,1.7245688e-05
0.4075,2.4539877300613497,1.6878823e-05
0.4077777777777778,2.4523160762942777,1.6606577e-05
0.40805555555555556,2.450646698434309,1.6815362e-05
0.4083333333333333,2.4489795918367347,1.7008502e-05
0.4086111111111111,2.4473147518694764,1.6413414e-05
0.4088888888888889,2.4456521739130435,1.5662348e-05
0.4091666666666667,2.4439918533604885,1.6092761e-05
0.40944444444444444,2.4423337856173677,1.6399308e-05
0.4097222222222222,2.440677966101695,1.6567448e-05
0.41,2.4390243902439024,1.6559197e-05
0.4102777777777778,2.4373730534867977,1.6438187e-05
0.41055555555555556,2.435723951285521,1.6384602e-05
0.41083333333333333,2.4340770791075053,1.6918992e-05
0.4111111111111111,2.4324324324324325,1.6748812e-05
0.4113888888888889,2.4307900067521944,1.6250071e-05
0.4116666666666667,2.42914979757085,1.6197815e-05
0.41194444444444445,2.4275118004045853,1.5332796e-05
0.4122222222222222,2.4258760107816713,1.5740397e-05
0.4125,2.4242424242424243,1.6515725e-05
0.4127777777777778,2.4226110363391653,1.5905e-05
0.41305555555555556,2.42098184263618,1.4991342e-05
0.41333333333333333,2.4193548387096775,1.4764309e-05
0.4136111111111111,2.4177300201477503,1.5161444e-05
0.41388888888888886,2.4161073825503356,1.5816006e-05
0.4141666666666667,2.414486921529175,1.5740003e-05
0.41444444444444445,2.4128686327077746,1.5978363e-05
0.4147222222222222,2.4112525117213663,1.5913925e-05
0.415,2.4096385542168677,1.495917e-05
0.4152777777777778,2.4080267558528425,1.5101187e-05
0.41555555555555557,2.406417112299465,1.5901693e-05
0.41583333333333333,2.404809619238477,1.5687783e-05
0.4161111111111111,2.403204272363151,1.5660513e-05
0.41638888888888886,2.401601067378252,1.5113137e-05
0.4166666666666667,2.4,1.5128696e-05
0.41694444444444445,2.3984010659560293,1.4854464e-05
0.4172222222222222,2.396804260985353,1.470699e-05
0.4175,2.3952095808383236,1.5054971e-05
0.4177777777777778,2.3936170212765955,1.5304957e-05
0.41805555555555557,2.39202657807309,1.5014628e-05
0.41833333333333333,2.3904382470119523,1.4882162e-05
0.4186111111111111,2.3888520238885205,1.4649102e-05
0.41888888888888887,2.387267904509284,1.4433022e-05
0.4191666666666667,2.3856858846918487,1.4386879e-05
0.41944444444444445,2.3841059602649004,1.4580373e-05
0.4197222222222222,2.382528127068167,1.4991963e-05
0.42,2.380952380952381,1.4795513e-05
0.42027777777777775,2.3793787177792467,1.4773791e-05
0.42055555555555557,2.3778071334214004,1.4789868e-05
0.42083333333333334,2.376237623762376,1.3937314e-05
0.4211111111111111,2.37467018469657,1.4048744e-05
0.42138888888888887,2.3731048121292027,1.4633116e-05
0.4216666666666667,2.3715415019762847,1.4870959e-05
0.42194444444444446,2.369980250164582,1.4506143e-05
0.4222222222222222,2.3684210526315788,1.3613387e-05
0.4225,2.366863905325444,1.3353574e-05
0.42277777777777775,2.3653088042049935,1.3298198e-05
0.4230555555555556,2.3637557452396583,1.4357266e-05
0.42333333333333334,2.3622047244094486,1.4106519e-05
0.4236111111111111,2.360655737704918,1.3703661e-05
0.42388888888888887,2.35910878112713,1.37559055e-05
0.4241666666666667,2.357563850687623,1.350921e-05
0.42444444444444446,2.3560209424083767,1.3429645e-05
0.4247222222222222,2.354480052321779,1.3579449e-05
0.425,2.3529411764705883,1.4382622e-05
0.42527777777777775,2.3514043109079035,1.3477582e-05
0.4255555555555556,2.3498694516971277,1.3003473e-05
0.42583333333333334,2.3483365949119372,1.3024114e-05
0.4261111111111111,2.346805736636245,1.3810111e-05
0.4263888888888889,2.3452768729641695,1.3681868e-05
0.42666666666666664,2.34375,1.3376329e-05
0.42694444444444446,2.342225113858165,1.3344853e-05
0.4272222222222222,2.3407022106631987,1.2894283e-05
0.4275,2.3391812865497075,1.3560777e-05
0.42777777777777776,2.337662337662338,1.4747215e-05
0.4280555555555556,2.3361453601557427,1.458975e-05
0.42833333333333334,2.3346303501945527,1.5001858e-05
0.4286111111111111,2.3331173039533377,1.5365198e-05
0.4288888888888889,2.3316062176165806,1.4466638e-05
0.42916666666666664,2.330097087378641,1.40754855e-05
0.42944444444444446,2.3285899094437257,1.2832969e-05
0.4297222222222222,2.3270846800258567,1.2905707e-05
0.43,2.3255813953488373,1.3203477e-05
0.43027777777777776,2.3240800516462237,1.3408033e-05
0.4305555555555556,2.32258064516129,1.3431171e-05
0.43083333333333335,2.3210831721470018,1.3517969e-05
0.4311111111111111,2.3195876288659796,1.3078428e-05
0.4313888888888889,2.3180940115904702,1.2976705e-05
0.43166666666666664,2.316602316602317,1.3151666e-05
0.43194444444444446,2.315112540192926,1.2562895e-05
0.43222222222222223,2.313624678663239,1.2556528e-05
0.4325,2.3121387283236996,1.2590084e-05
0.43277777777777776,2.3106546854942236,1.2359656e-05
0.4330555555555556,2.3091725465041693,1.30088565e-05
0.43333333333333335,2.3076923076923075,1.3095171e-05
0.4336111111111111,2.3062139654067906,1.3008037e-05
0.4338888888888889,2.3047375160051216,1.2237829e-05
0.43416666666666665,2.3032629558541267,1.2346264e-05
0.43444444444444447,2.3017902813299234,1.25545075e-05
0.43472222222222223,2.3003194888178915,1.2510275e-05
0.435,2.2988505747126435,1.2011186e-05
0.43527777777777776,2.297383535417996,1.2110982e-05
0.43555555555555553,2.295918367346939,1.2420731e-05
0.43583333333333335,2.294455066921606,1.2160183e-05
0.4361111111111111,2.2929936305732483,1.2566196e-05
0.4363888888888889,2.2915340547422023,1.2687602e-05
0.43666666666666665,2.290076335877863,1.1979829e-05
0.43694444444444447,2.288620470438652,1.2270443e-05
0.43722222222222223,2.2871664548919948,1.2628374e-05
0.4375,2.2857142857142856,1.1897988e-05
0.43777777777777777,2.284263959390863,1.2356699e-05
0.43805555555555553,2.28281547241598,1.2266569e-05
0.43833333333333335,2.2813688212927756,1.1449699e-05
0.4386111111111111,2.279924002533249,1.1385887e-05
0.4388888888888889,2.278481012658228,1.1614931e-05
0.43916666666666665,2.2770398481973437,1.21712965e-05
0.43944444444444447,2.275600505689001,1.1967224e-05
0.43972222222222224,2.2741629816803535,1.1759255e-05
0.44,2.272727272727273,1.1681676e-05
0.44027777777777777,2.271293375394322,1.1952715e-05
0.44055555555555553,2.269861286254729,1.18129265e-05
0.44083333333333335,2.268431001890359,1.1537503e-05
0.4411111111111111,2.2670025188916876,1.1696483e-05
0.4413888888888889,2.2655758338577723,1.17382115e-05
0.44166666666666665,2.2641509433962264,1.1498771e-05
0.4419444444444444,2.262727844123193,1.1483021e-05
0.44222222222222224,2.2613065326633164,1.24654325e-05
0.4425,2.2598870056497176,1.4158492e-05
0.44277777777777777,2.258469259723965,1.6060098e-05
0.44305555555555554,2.2570532915360504,1.5757234e-05
0.44333333333333336,2.255639097744361,1.3924916e-05
0.4436111111111111,2.254226675015654,1.312067e-05
0.4438888888888889,2.252816020025031,1.203288e-05
0.44416666666666665,2.25140712945591,1.1914139e-05
0.4444444444444444,2.25,1.1633346e-05
0.44472222222222224,2.2485946283572766,1.1200591e-05
0.445,2.247191011235955,1.1855868e-05
0.4452777777777778,2.245789145352464,1.16848205e-05
0.44555555555555554,2.2443890274314215,1.1121014e-05
0.44583333333333336,2.2429906542056073,1.0788681e-05
0.4461111111111111,2.2415940224159403,1.09736475e-05
0.4463888888888889,2.24019912881145,1.1178253e-05
0.44666666666666666,2.238805970149254,1.0836984e-05
0.4469444444444444,2.237414543194531,1.114207e-05
0.44722222222222224,2.2360248447204967,1.16329375e-05
0.4475,2.2346368715083798,1.1106554e-05
0.4477777777777778,2.2332506203473947,1.1197222e-05
0.44805555555555554,2.231866088034718,1.091789e-05
0.4483333333333333,2.2304832713754648,1.0719892e-05
0.4486111111111111,2.2291021671826625,1.0748769e-05
0.4488888888888889,2.227722772277228,1.1150238e-05
0.44916666666666666,2.226345083487941,1.0678281e-05
0.4494444444444444,2.224969097651422,1.1030655e-05
0.44972222222222225,2.2235948116121063,1.0725779e-05
0.45,2.2222222222222223,1.0915535e-05
0.4502777777777778,2.2208513263417644,1.0898164e-05
0.45055555555555554,2.219482120838471,1.0922919e-05
0.4508333333333333,2.2181146025878005,1.08663535e-05
0.45111111111111113,2.216748768472906,1.0712239e-05
0.4513888888888889,2.2153846153846155,1.083267e-05
0.45166666666666666,2.2140221402214024,1.1416663e-05
0.4519444444444444,2.212661339889367,1.0960054e-05
0.45222222222222225,2.211302211302211,1.0996328e-05
0.4525,2.2099447513812156,1.026215e-05
0.4527777777777778,2.208588957055215,1.0339523e-05
0.45305555555555554,2.2072348252605765,1.0341154e-05
0.4533333333333333,2.2058823529411766,1.0716209e-05
0.45361111111111113,2.204531537048377,1.0598349e-05
0.4538888888888889,2.2031823745410035,1.0245749e-05
0.45416666666666666,2.2018348623853212,1.0228455e-05
0.45444444444444443,2.2004889975550124,1.082644e-05
0.4547222222222222,2.1991447770311545,1.0735183e-05
0.455,2.1978021978021975,1.0648463e-05
0.4552777777777778,2.1964612568639414,1.0588645e-05
0.45555555555555555,2.1951219512195124,1.0850145e-05
0.4558333333333333,2.193784277879342,1.0544875e-05
0.45611111111111113,2.192448233861145,1.0242627e-05
0.4563888888888889,2.1911138161898966,1.0771052e-05
0.45666666666666667,2.18978102189781,1.0792548e-05
0.45694444444444443,2.188449848024316,1.0808517e-05
0.4572222222222222,2.187120291616039,1.0653945e-05
0.4575,2.1857923497267757,1.0631413e-05
0.4577777777777778,2.1844660194174756,1.0935287e-05
0.45805555555555555,2.183141297756216,1.052685e-05
0.4583333333333333,2.181818181818182,1.0722345e-05
0.45861111111111114,2.180496668685645,1.0833858e-05
0.4588888888888889,2.179176755447942,1.044166e-05
0.45916666666666667,2.1778584392014517,9.978367e-06
0.45944444444444443,2.176541717049577,1.0261841e-05
0.4597222222222222,2.175226586102719,1.0738419e-05
0.46,2.1739130434782608,1.0964409e-05
0.4602777777777778,2.172601086300543,1.0690731e-05
0.46055555555555555,2.1712907117008444,1.0029814e-05
0.4608333333333333,2.1699819168173597,1.0663971e-05
0.46111111111111114,2.1686746987951806,1.0420773e-05
0.4613888888888889,2.167369054786273,9.7534885e-06
0.46166666666666667,2.1660649819494586,1.0068943e-05
0.46194444444444444,2.164762477450391,1.0213121e-05
0.4622222222222222,2.1634615384615388,9.925031e-06
0.4625,2.162162162162162,1.00272255e-05
0.4627777777777778,2.1608643457382954,1.0203498e-05
0.46305555555555555,2.1595680863827234,9.864897e-06
0.4633333333333333,2.158273381294964,9.541274e-06
0.4636111111111111,2.156980227681246,1.0262118e-05
0.4638888888888889,2.155688622754491,9.956656e-06
0.46416666666666667,2.154398563734291,9.917481e-06
0.46444444444444444,2.15311004784689,1.0353431e-05
0.4647222222222222,2.1518230723251643,1.0422434e-05
0.465,2.150537634408602,9.92433e-06
0.4652777777777778,2.1492537313432836,9.68447e-06
0.46555555555555556,2.1479713603818618,9.764288e-06
0.4658333333333333,2.146690518783542,9.500963e-06
0.4661111111111111,2.1454112038140645,9.4119205e-06
0.4663888888888889,2.1441334127456817,9.272464e-06
0.4666666666666667,2.142857142857143,9.09641e-06
0.46694444444444444,2.1415823914336705,9.327206e-06
0.4672222222222222,2.140309155766944,9.650829e-06
0.4675,2.13903743315508,9.780292e-06
0.4677777777777778,2.137767220902613,9.760468e-06
0.46805555555555556,2.136498516320475,9.362158e-06
0.4683333333333333,2.135231316725979,9.555874e-06
0.4686111111111111,2.133965619442798,9.887402e-06
0.4688888888888889,2.132701421800948,9.20337e-06
0.4691666666666667,2.1314387211367674,9.547982e-06
0.46944444444444444,2.1301775147928996,9.581405e-06
0.4697222222222222,2.1289178001182734,9.2717555e-06
0.47,2.127659574468085,9.927113e-06
0.4702777777777778,2.12640283520378,9.856491e-06
0.47055555555555556,2.125147579693034,9.519721e-06
0.4708333333333333,2.1238938053097347,9.575477e-06
0.4711111111111111,2.1226415094339623,9.539627e-06
0.4713888888888889,2.121390689451974,9.617292e-06
0.4716666666666667,2.1201413427561837,9.49079e-06
0.47194444444444444,2.1188934667451442,9.071783e-06
0.4722222222222222,2.1176470588235294,8.983254e-06
0.4725,2.1164021164021167,9.486016e-06
0.4727777777777778,2.115158636897767,9.643869e-06
0.47305555555555556,2.1139166177334117,9.47017e-06
0.47333333333333333,2.112676056338028,9.917646e-06
0.4736111111111111,2.1114369501466275,1.0244387e-05
0.4738888888888889,2.1101992966002343,1.0018301e-05
0.4741666666666667,2.10896309314587,9.747483e-06
0.47444444444444445,2.107728337236534,9.848625e-06
0.4747222222222222,2.1064950263311877,1.0188453e-05
0.475,2.1052631578947367,9.968465e-06
0.4752777777777778,2.104032729398013,9.971625e-06
0.47555555555555556,2.102803738317757,9.703103e-06
0.47583333333333333,2.1015761821366024,9.419392e-06
0.4761111111111111,2.100350058343057,9.364166e-06
0.47638888888888886,2.099125364431487,9.116133e-06
0.4766666666666667,2.097902097902098,9.713758e-06
0.47694444444444445,2.09668025626092,1.0410583e-05
0.4772222222222222,2.0954598370197903,9.5955775e-06
0.4775,2.094240837696335,9.4254665e-06
0.4777777777777778,2.093023255813953,9.613765e-06
0.47805555555555557,2.0918070889018012,9.701321e-06
0.47833333333333333,2.0905923344947737,9.865736e-06
0.4786111111111111,2.089378990133488,9.818879e-06
0.47888888888888886,2.0881670533642693,9.420076e-06
0.4791666666666667,2.0869565217391304,9.29803e-06
0.47944444444444445,2.085747392815759,9.1021475e-06
0.4797222222222222,2.0845396641574987,9.123894e-06
0.48,2.0833333333333335,9.145091e-06
0.4802777777777778,2.0821283979178715,9.43001e-06
0.48055555555555557,2.0809248554913293,9.428774e-06
0.48083333333333333,2.079722703639515,9.279781e-06
0.4811111111111111,2.0785219399538106,9.513581e-06
0.48138888888888887,2.07732256203116,9.604389e-06
0.4816666666666667,2.0761245674740483,9.34248e-06
0.48194444444444445,2.07492795389049,9.145582e-06
0.4822222222222222,2.0737327188940093,9.375372e-06
0.4825,2.072538860103627,9.57782e-06
0.48277777777777775,2.0713463751438437,9.471583e-06
0.48305555555555557,2.0701552616446235,9.558848e-06
0.48333333333333334,2.0689655172413794,9.066795e-06
0.4836111111111111,2.067777139574957,9.158507e-06
0.48388888888888887,2.066590126291619,9.289325e-06
0.4841666666666667,2.0654044750430294,9.501007e-06
0.48444444444444446,2.0642201834862384,9.407741e-06
0.4847222222222222,2.0630372492836675,9.822114e-06
0.485,2.061855670103093,9.809063e-06
0.48527777777777775,2.0606754436176304,9.284733e-06
0.4855555555555556,2.059496567505721,9.369664e-06
0.48583333333333334,2.058319039451115,9.185853e-06
0.4861111111111111,2.0571428571428574,9.346442e-06
0.48638888888888887,2.0559680182752715,9.076932e-06
0.4866666666666667,2.054794520547945,9.430943e-06
0.48694444444444446,2.053622361665716,9.631728e-06
0.4872222222222222,2.0524515393386547,9.429347e-06
0.4875,2.0512820512820515,9.121554e-06
0.48777777777777775,2.050113895216401,9.2956225e-06
0.4880555555555556,2.0489470688673874,9.577329e-06
0.48833333333333334,2.04778156996587,9.145462e-06
0.4886111111111111,2.046617396247868,9.369758e-06
0.4888888888888889,2.0454545454545454,8.983703e-06
0.48916666666666664,2.044293015332198,8.785807e-06
0.48944444444444446,2.043132803632236,9.075111e-06
0.4897222222222222,2.0419739081111743,9.439015e-06
0.49,2.0408163265306123,9.302366e-06
0.49027777777777776,2.039660056657224,9.364861e-06
0.4905555555555556,2.0385050962627407,9.548569e-06
0.49083333333333334,2.037351443123939,9.206819e-06
0.4911111111111111,2.0361990950226243,9.496722e-06
0.4913888888888889,2.035048049745619,9.804044e-06
0.49166666666666664,2.0338983050847457,9.835095e-06
0.49194444444444446,2.0327498588368154,9.49279e-06
0.4922222222222222,2.0316027088036117,9.007735e-06
0.4925,2.030456852791878,9.123478e-06
0.49277777777777776,2.0293122886133035,9.3579865e-06
0.4930555555555556,2.028169014084507,9.611729e-06
0.49333333333333335,2.027027027027027,9.579752e-06
0.4936111111111111,2.0258863252673045,9.5234345e-06
0.4938888888888889,2.0247469066366706,9.193726e-06
0.49416666666666664,2.0236087689713322,9.870621e-06
0.49444444444444446,2.0224719101123596,9.68322e-06
0.49472222222222223,2.021336327905671,9.708691e-06
0.495,2.0202020202020203,9.264124e-06
0.49527777777777776,2.0190689848569825,9.184458e-06
0.4955555555555556,2.0179372197309418,9.057732e-06
0.49583333333333335,2.0168067226890756,9.317336e-06
0.4961111111111111,2.015677491601344,9.597314e-06
0.4963888888888889,2.0145495243424736,9.400324e-06
0.49666666666666665,2.0134228187919465,9.875166e-06
0.49694444444444447,2.0122973728339852,9.793877e-06
0.49722222222222223,2.011173184357542,9.696608e-06
0.4975,2.0100502512562812,9.77481e-06
0.49777777777777776,2.0089285714285716,9.303943e-06
0.49805555555555553,2.007808142777468,9.339452e-06
0.49833333333333335,2.0066889632107023,9.270699e-06
0.4986111111111111,2.0055710306406684,9.738745e-06
0.4988888888888889,2.0044543429844097,1.006304e-05
0.49916666666666665,2.003338898163606,1.0616133e-05
0.49944444444444447,2.0022246941045605,1.0891191e-05
0.49972222222222223,2.001111728738188,1.3319917e-05
0.5,2.0,6.7807778e-06
